[{"category":"Abalathias_spine","title":"Abalathia's Spine","level":"Level","log_name":"Log","location":"Location","type":"Type","requirements":"Requirements"},{"category":"Abalathias_spine","title":"Abalathia's Spine","level":"Level","log_name":"Log","location":"Location","type":"Type","requirements":"Requirements"},{"category":"Abalathias_spine","title":"Abalathia's Spine","level":"Level","log_name":"Log","location":"Location","type":"Type","requirements":"Requirements"},{"category":"Abalathias_spine","title":"Abalathia's Spine","level":"Level","log_name":"Log","location":"Location","type":"Type","requirements":"Requirements"},{"category":"Abalathias_spine","title":"Abalathia's Spine","level":"Level","log_name":"Log","location":"Location","type":"Type","requirements":"Requirements"},{"category":"Abalathias_spine","title":"Abalathia's Spine","level":"58","log_name":"Fishing Log: Alpha Quadrant","location":"Azys Lla - Alpha Quadrant","type":"Aetherochemical Spill","requirements":"Aetherfishing"},{"category":"Abalathias_spine","title":"Abalathia's Spine","level":"58","log_name":"Fishing Log: Alpha Quadrant","location":"Azys Lla - Alpha Quadrant","type":"Aetherochemical Spill","requirements":"Aetherfishing"},{"category":"Abalathias_spine","title":"Abalathia's Spine","level":"58","log_name":"Fishing Log: Alpha Quadrant","location":"Azys Lla - Alpha Quadrant","type":"Aetherochemical Spill","requirements":"Aetherfishing"},{"category":"Abalathias_spine","title":"Abalathia's Spine","level":"58","log_name":"Fishing Log: Alpha Quadrant","location":"Azys Lla - Alpha Quadrant","type":"Aetherochemical Spill","requirements":"Aetherfishing"},{"category":"Abalathias_spine","title":"Abalathia's Spine","level":"58","log_name":"Fishing Log: Alpha Quadrant","location":"Azys Lla - Alpha Quadrant","type":"Aetherochemical Spill","requirements":"Aetherfishing"},{"category":"Abalathias_spine","title":"Abalathia's Spine","level":"58","log_name":"Fishing Log: Alpha Quadrant","location":"Azys Lla - Alpha Quadrant","type":"Aetherochemical Spill","requirements":"Aetherfishing"},{"category":"Abalathias_spine","title":"Abalathia's Spine","level":"58","log_name":"Fishing Log: Alpha Quadrant","location":"Azys Lla - Alpha Quadrant","type":"Aetherochemical Spill","requirements":"Aetherfishing"}]