[{"category":"coerthas","title":"Coerthas","level":"Level","log_name":"Log","location":"Location","type":"Type","requirements":"Requirements"},{"category":"coerthas","title":"Coerthas","level":"Level","log_name":"Log","location":"Location","type":"Type","requirements":"Requirements"},{"category":"coerthas","title":"Coerthas","level":"Level","log_name":"Log","location":"Location","type":"Type","requirements":"Requirements"},{"category":"coerthas","title":"Coerthas","level":"Level","log_name":"Log","location":"Location","type":"Type","requirements":"Requirements"},{"category":"coerthas","title":"Coerthas","level":"Level","log_name":"Log","location":"Location","type":"Type","requirements":"Requirements"},{"category":"coerthas","title":"Coerthas","level":"Level","log_name":"Log","location":"Location","type":"Type","requirements":"Requirements"},{"category":"coerthas","title":"Coerthas","level":"Level","log_name":"Log","location":"Location","type":"Type","requirements":"Requirements"},{"category":"coerthas","title":"Coerthas","level":"Level","log_name":"Log","location":"Location","type":"Type","requirements":"Requirements"},{"category":"coerthas","title":"Coerthas","level":"Level","log_name":"Log","location":"Location","type":"Type","requirements":"Requirements"},{"category":"coerthas","title":"Coerthas","level":"50","log_name":"Fishing Log: Riversmeet","location":"Coerthas Western Highlands - Riversmeet","type":"Freshwater","requirements":""},{"category":"coerthas","title":"Coerthas","level":"50","log_name":"Fishing Log: Riversmeet","location":"Coerthas Western Highlands - Riversmeet","type":"Freshwater","requirements":""},{"category":"coerthas","title":"Coerthas","level":"50","log_name":"Fishing Log: Riversmeet","location":"Coerthas Western Highlands - Riversmeet","type":"Freshwater","requirements":""},{"category":"coerthas","title":"Coerthas","level":"50","log_name":"Fishing Log: Riversmeet","location":"Coerthas Western Highlands - Riversmeet","type":"Freshwater","requirements":""},{"category":"coerthas","title":"Coerthas","level":"50","log_name":"Fishing Log: Riversmeet","location":"Coerthas Western Highlands - Riversmeet","type":"Freshwater","requirements":""},{"category":"coerthas","title":"Coerthas","level":"50","log_name":"Fishing Log: Riversmeet","location":"Coerthas Western Highlands - Riversmeet","type":"Freshwater","requirements":""},{"category":"coerthas","title":"Coerthas","level":"50","log_name":"Fishing Log: Riversmeet","location":"Coerthas Western Highlands - Riversmeet","type":"Freshwater","requirements":""},{"category":"coerthas","title":"Coerthas","level":"50","log_name":"Fishing Log: Riversmeet","location":"Coerthas Western Highlands - Riversmeet","type":"Freshwater","requirements":""}]