[{"category":"dravania","title":"Dravania","level":"Level","log_name":"Log","location":"Location","type":"Type","requirements":"Requirements"},{"category":"dravania","title":"Dravania","level":"Level","log_name":"Log","location":"Location","type":"Type","requirements":"Requirements"},{"category":"dravania","title":"Dravania","level":"Level","log_name":"Log","location":"Location","type":"Type","requirements":"Requirements"},{"category":"dravania","title":"Dravania","level":"Level","log_name":"Log","location":"Location","type":"Type","requirements":"Requirements"},{"category":"dravania","title":"Dravania","level":"Level","log_name":"Log","location":"Location","type":"Type","requirements":"Requirements"},{"category":"dravania","title":"Dravania","level":"Level","log_name":"Log","location":"Location","type":"Type","requirements":"Requirements"},{"category":"dravania","title":"Dravania","level":"52","log_name":"Fishing Log: The Hundred Throes","location":"The Dravanian Forelands - Chocobo Forest - The Hundred Throes","type":"Freshwater","requirements":""},{"category":"dravania","title":"Dravania","level":"52","log_name":"Fishing Log: The Hundred Throes","location":"The Dravanian Forelands - Chocobo Forest - The Hundred Throes","type":"Freshwater","requirements":""},{"category":"dravania","title":"Dravania","level":"52","log_name":"Fishing Log: The Hundred Throes","location":"The Dravanian Forelands - Chocobo Forest - The Hundred Throes","type":"Freshwater","requirements":""},{"category":"dravania","title":"Dravania","level":"52","log_name":"Fishing Log: The Hundred Throes","location":"The Dravanian Forelands - Chocobo Forest - The Hundred Throes","type":"Freshwater","requirements":""},{"category":"dravania","title":"Dravania","level":"52","log_name":"Fishing Log: The Hundred Throes","location":"The Dravanian Forelands - Chocobo Forest - The Hundred Throes","type":"Freshwater","requirements":""},{"category":"dravania","title":"Dravania","level":"52","log_name":"Fishing Log: The Hundred Throes","location":"The Dravanian Forelands - Chocobo Forest - The Hundred Throes","type":"Freshwater","requirements":""},{"category":"dravania","title":"Dravania","level":"52","log_name":"Fishing Log: The Hundred Throes","location":"The Dravanian Forelands - Chocobo Forest - The Hundred Throes","type":"Freshwater","requirements":""},{"category":"dravania","title":"Dravania","level":"52","log_name":"Fishing Log: The Hundred Throes","location":"The Dravanian Forelands - Chocobo Forest - The Hundred Throes","type":"Freshwater","requirements":""},{"category":"dravania","title":"Dravania","level":"58","log_name":"Fishing Log: Upper Thaliak River","location":"The Dravanian Hinterlands - Upper Thaliak River","type":"Freshwater","requirements":"Gulleye V"},{"category":"dravania","title":"Dravania","level":"58","log_name":"Fishing Log: Upper Thaliak River","location":"The Dravanian Hinterlands - Upper Thaliak River","type":"Freshwater","requirements":"Gulleye V"},{"category":"dravania","title":"Dravania","level":"58","log_name":"Fishing Log: Upper Thaliak River","location":"The Dravanian Hinterlands - Upper Thaliak River","type":"Freshwater","requirements":"Gulleye V"},{"category":"dravania","title":"Dravania","level":"58","log_name":"Fishing Log: Upper Thaliak River","location":"The Dravanian Hinterlands - Upper Thaliak River","type":"Freshwater","requirements":"Gulleye V"}]