[{"category":"gyr_abania","title":"Gyr Abania","level":"Level","log_name":"Log","location":"Location","type":"Type","requirements":"Requirements"},{"category":"gyr_abania","title":"Gyr Abania","level":"Level","log_name":"Log","location":"Location","type":"Type","requirements":"Requirements"},{"category":"gyr_abania","title":"Gyr Abania","level":"Level","log_name":"Log","location":"Location","type":"Type","requirements":"Requirements"},{"category":"gyr_abania","title":"Gyr Abania","level":"61","log_name":"Fishing Log: The Velodyna River","location":"The Fringes - The Striped Hills - The Velodyna River","type":"Freshwater","requirements":"Gulleye V"}]