[{"category":"la_noscea","title":"La Noscea","level":"Level","log_name":"Log","location":"Location","type":"Type","requirements":"Requirements"},{"category":"la_noscea","title":"La Noscea","level":"1","log_name":"Fishing Log: Limsa Lominsa Lower Decks","location":"Limsa Lominsa Lower Decks","type":"Saltwater","requirements":""},{"category":"la_noscea","title":"La Noscea","level":"1","log_name":"Fishing Log: West Agelyss River","location":"Middle La Noscea - Summerford - West Agelyss River","type":"Freshwater","requirements":""},{"category":"la_noscea","title":"La Noscea","level":"1","log_name":"Fishing Log: West Agelyss River","location":"Middle La Noscea - Summerford - West Agelyss River","type":"Freshwater","requirements":""},{"category":"la_noscea","title":"La Noscea","level":"1","log_name":"Fishing Log: West Agelyss River","location":"Middle La Noscea - Summerford - West Agelyss River","type":"Freshwater","requirements":""},{"category":"la_noscea","title":"La Noscea","level":"1","log_name":"Fishing Log: West Agelyss River","location":"Middle La Noscea - Summerford - West Agelyss River","type":"Freshwater","requirements":""},{"category":"la_noscea","title":"La Noscea","level":"1","log_name":"Fishing Log: West Agelyss River","location":"Middle La Noscea - Summerford - West Agelyss River","type":"Freshwater","requirements":""},{"category":"la_noscea","title":"La Noscea","level":"1","log_name":"Fishing Log: West Agelyss River","location":"Middle La Noscea - Summerford - West Agelyss River","type":"Freshwater","requirements":""},{"category":"la_noscea","title":"La Noscea","level":"10","log_name":"Fishing Log: Candlekeep Quay","location":"Lower La Noscea - The Gods' Grip - Candlekeep Quay","type":"Saltwater","requirements":""},{"category":"la_noscea","title":"La Noscea","level":"10","log_name":"Fishing Log: Candlekeep Quay","location":"Lower La Noscea - The Gods' Grip - Candlekeep Quay","type":"Saltwater","requirements":""},{"category":"la_noscea","title":"La Noscea","level":"10","log_name":"Fishing Log: Candlekeep Quay","location":"Lower La Noscea - The Gods' Grip - Candlekeep Quay","type":"Saltwater","requirements":""},{"category":"la_noscea","title":"La Noscea","level":"10","log_name":"Fishing Log: Candlekeep Quay","location":"Lower La Noscea - The Gods' Grip - Candlekeep Quay","type":"Saltwater","requirements":""},{"category":"la_noscea","title":"La Noscea","level":"10","log_name":"Fishing Log: Candlekeep Quay","location":"Lower La Noscea - The Gods' Grip - Candlekeep Quay","type":"Saltwater","requirements":""},{"category":"la_noscea","title":"La Noscea","level":"10","log_name":"Fishing Log: Candlekeep Quay","location":"Lower La Noscea - The Gods' Grip - Candlekeep Quay","type":"Saltwater","requirements":""},{"category":"la_noscea","title":"La Noscea","level":"10","log_name":"Fishing Log: Candlekeep Quay","location":"Lower La Noscea - The Gods' Grip - Candlekeep Quay","type":"Saltwater","requirements":""},{"category":"la_noscea","title":"La Noscea","level":"10","log_name":"Fishing Log: Candlekeep Quay","location":"Lower La Noscea - The Gods' Grip - Candlekeep Quay","type":"Saltwater","requirements":""},{"category":"la_noscea","title":"La Noscea","level":"10","log_name":"Fishing Log: Candlekeep Quay","location":"Lower La Noscea - The Gods' Grip - Candlekeep Quay","type":"Saltwater","requirements":""},{"category":"la_noscea","title":"La Noscea","level":"35","log_name":"Fishing Log: North Bloodshore","location":"Eastern La Noscea - Bloodshore - North Bloodshore","type":"Saltwater","requirements":""},{"category":"la_noscea","title":"La Noscea","level":"35","log_name":"Fishing Log: North Bloodshore","location":"Eastern La Noscea - Bloodshore - North Bloodshore","type":"Saltwater","requirements":""},{"category":"la_noscea","title":"La Noscea","level":"35","log_name":"Fishing Log: North Bloodshore","location":"Eastern La Noscea - Bloodshore - North Bloodshore","type":"Saltwater","requirements":""},{"category":"la_noscea","title":"La Noscea","level":"35","log_name":"Fishing Log: North Bloodshore","location":"Eastern La Noscea - Bloodshore - North Bloodshore","type":"Saltwater","requirements":""},{"category":"la_noscea","title":"La Noscea","level":"35","log_name":"Fishing Log: North Bloodshore","location":"Eastern La Noscea - Bloodshore - North Bloodshore","type":"Saltwater","requirements":""},{"category":"la_noscea","title":"La Noscea","level":"35","log_name":"Fishing Log: North Bloodshore","location":"Eastern La Noscea - Bloodshore - North Bloodshore","type":"Saltwater","requirements":""},{"category":"la_noscea","title":"La Noscea","level":"35","log_name":"Fishing Log: North Bloodshore","location":"Eastern La Noscea - Bloodshore - North Bloodshore","type":"Saltwater","requirements":""},{"category":"la_noscea","title":"La Noscea","level":"35","log_name":"Fishing Log: North Bloodshore","location":"Eastern La Noscea - Bloodshore - North Bloodshore","type":"Saltwater","requirements":""},{"category":"la_noscea","title":"La Noscea","level":"35","log_name":"Fishing Log: North Bloodshore","location":"Eastern La Noscea - Bloodshore - North Bloodshore","type":"Saltwater","requirements":""},{"category":"la_noscea","title":"La Noscea","level":"35","log_name":"Fishing Log: North Bloodshore","location":"Eastern La Noscea - Bloodshore - North Bloodshore","type":"Saltwater","requirements":""},{"category":"la_noscea","title":"La Noscea","level":"35","log_name":"Fishing Log: North Bloodshore","location":"Eastern La Noscea - Bloodshore - North Bloodshore","type":"Saltwater","requirements":""},{"category":"la_noscea","title":"La Noscea","level":"40","log_name":"Fishing Log: Isles of Umbra Northshore","location":"Western La Noscea - The Isles of Umbra - Isles of Umbra Northshore","type":"Saltwater","requirements":""},{"category":"la_noscea","title":"La Noscea","level":"40","log_name":"Fishing Log: Isles of Umbra Northshore","location":"Western La Noscea - The Isles of Umbra - Isles of Umbra Northshore","type":"Saltwater","requirements":""},{"category":"la_noscea","title":"La Noscea","level":"40","log_name":"Fishing Log: Isles of Umbra Northshore","location":"Western La Noscea - The Isles of Umbra - Isles of Umbra Northshore","type":"Saltwater","requirements":""},{"category":"la_noscea","title":"La Noscea","level":"40","log_name":"Fishing Log: Isles of Umbra Northshore","location":"Western La Noscea - The Isles of Umbra - Isles of Umbra Northshore","type":"Saltwater","requirements":""},{"category":"la_noscea","title":"La Noscea","level":"40","log_name":"Fishing Log: Isles of Umbra Northshore","location":"Western La Noscea - The Isles of Umbra - Isles of Umbra Northshore","type":"Saltwater","requirements":""},{"category":"la_noscea","title":"La Noscea","level":"40","log_name":"Fishing Log: Isles of Umbra Northshore","location":"Western La Noscea - The Isles of Umbra - Isles of Umbra Northshore","type":"Saltwater","requirements":""},{"category":"la_noscea","title":"La Noscea","level":"40","log_name":"Fishing Log: Isles of Umbra Northshore","location":"Western La Noscea - The Isles of Umbra - Isles of Umbra Northshore","type":"Saltwater","requirements":""},{"category":"la_noscea","title":"La Noscea","level":"40","log_name":"Fishing Log: Isles of Umbra Northshore","location":"Western La Noscea - The Isles of Umbra - Isles of Umbra Northshore","type":"Saltwater","requirements":""},{"category":"la_noscea","title":"La Noscea","level":"40","log_name":"Fishing Log: Isles of Umbra Northshore","location":"Western La Noscea - The Isles of Umbra - Isles of Umbra Northshore","type":"Saltwater","requirements":""}]