[{"category":"mor_dhona","title":"Mor Dhona","level":"Level","log_name":"Log","location":"Location","type":"Type","requirements":"Requirements"},{"category":"mor_dhona","title":"Mor Dhona","level":"Level","log_name":"Log","location":"Location","type":"Type","requirements":"Requirements"},{"category":"mor_dhona","title":"Mor Dhona","level":"Level","log_name":"Log","location":"Location","type":"Type","requirements":"Requirements"},{"category":"mor_dhona","title":"Mor Dhona","level":"Level","log_name":"Log","location":"Location","type":"Type","requirements":"Requirements"},{"category":"mor_dhona","title":"Mor Dhona","level":"Level","log_name":"Log","location":"Location","type":"Type","requirements":"Requirements"},{"category":"mor_dhona","title":"Mor Dhona","level":"Level","log_name":"Log","location":"Location","type":"Type","requirements":"Requirements"}]