[{"category":"othard","title":"Othard","level":"Level","log_name":"Log","location":"Location","type":"Type","requirements":"Requirements"},{"category":"othard","title":"Othard","level":"Level","log_name":"Log","location":"Location","type":"Type","requirements":"Requirements"},{"category":"othard","title":"Othard","level":"Level","log_name":"Log","location":"Location","type":"Type","requirements":"Requirements"},{"category":"othard","title":"Othard","level":"Level","log_name":"Log","location":"Location","type":"Type","requirements":"Requirements"},{"category":"othard","title":"Othard","level":"Level","log_name":"Log","location":"Location","type":"Type","requirements":"Requirements"},{"category":"othard","title":"Othard","level":"Level","log_name":"Log","location":"Location","type":"Type","requirements":"Requirements"},{"category":"othard","title":"Othard","level":"Level","log_name":"Log","location":"Location","type":"Type","requirements":"Requirements"},{"category":"othard","title":"Othard","level":"Level","log_name":"Log","location":"Location","type":"Type","requirements":"Requirements"},{"category":"othard","title":"Othard","level":"Level","log_name":"Log","location":"Location","type":"Type","requirements":"Requirements"},{"category":"othard","title":"Othard","level":"Level","log_name":"Log","location":"Location","type":"Type","requirements":"Requirements"},{"category":"othard","title":"Othard","level":"Level","log_name":"Log","location":"Location","type":"Type","requirements":"Requirements"},{"category":"othard","title":"Othard","level":"65","log_name":"Fishing Log: The One River Southwestern Riverbeds","location":"Yanxia - The Glittering Basin - The One River Southwestern Riverbeds","type":"Spearfishing","requirements":""},{"category":"othard","title":"Othard","level":"65","log_name":"Fishing Log: The One River Southwestern Riverbeds","location":"Yanxia - The Glittering Basin - The One River Southwestern Riverbeds","type":"Spearfishing","requirements":""},{"category":"othard","title":"Othard","level":"65","log_name":"Fishing Log: The One River Southwestern Riverbeds","location":"Yanxia - The Glittering Basin - The One River Southwestern Riverbeds","type":"Spearfishing","requirements":""}]