[{"category":"thanalan","title":"Thanalan","level":"Level","log_name":"Log","location":"Location","type":"Type","requirements":"Requirements"},{"category":"thanalan","title":"Thanalan","level":"Level","log_name":"Log","location":"Location","type":"Type","requirements":"Requirements"},{"category":"thanalan","title":"Thanalan","level":"Level","log_name":"Log","location":"Location","type":"Type","requirements":"Requirements"},{"category":"thanalan","title":"Thanalan","level":"Level","log_name":"Log","location":"Location","type":"Type","requirements":"Requirements"},{"category":"thanalan","title":"Thanalan","level":"Level","log_name":"Log","location":"Location","type":"Type","requirements":"Requirements"},{"category":"thanalan","title":"Thanalan","level":"Level","log_name":"Log","location":"Location","type":"Type","requirements":"Requirements"},{"category":"thanalan","title":"Thanalan","level":"Level","log_name":"Log","location":"Location","type":"Type","requirements":"Requirements"},{"category":"thanalan","title":"Thanalan","level":"Level","log_name":"Log","location":"Location","type":"Type","requirements":"Requirements"},{"category":"thanalan","title":"Thanalan","level":"5","log_name":"Fishing Log: Upper Soot Creek","location":"Central Thanalan - Black Brush - Upper Soot Creek","type":"Freshwater","requirements":""},{"category":"thanalan","title":"Thanalan","level":"5","log_name":"Fishing Log: Upper Soot Creek","location":"Central Thanalan - Black Brush - Upper Soot Creek","type":"Freshwater","requirements":""},{"category":"thanalan","title":"Thanalan","level":"5","log_name":"Fishing Log: Upper Soot Creek","location":"Central Thanalan - Black Brush - Upper Soot Creek","type":"Freshwater","requirements":""},{"category":"thanalan","title":"Thanalan","level":"5","log_name":"Fishing Log: Upper Soot Creek","location":"Central Thanalan - Black Brush - Upper Soot Creek","type":"Freshwater","requirements":""},{"category":"thanalan","title":"Thanalan","level":"15","log_name":"Fishing Log: South Drybone","location":"Eastern Thanalan - Drybone - South Drybone","type":"Freshwater","requirements":""},{"category":"thanalan","title":"Thanalan","level":"15","log_name":"Fishing Log: South Drybone","location":"Eastern Thanalan - Drybone - South Drybone","type":"Freshwater","requirements":""},{"category":"thanalan","title":"Thanalan","level":"15","log_name":"Fishing Log: South Drybone","location":"Eastern Thanalan - Drybone - South Drybone","type":"Freshwater","requirements":""},{"category":"thanalan","title":"Thanalan","level":"15","log_name":"Fishing Log: South Drybone","location":"Eastern Thanalan - Drybone - South Drybone","type":"Freshwater","requirements":""},{"category":"thanalan","title":"Thanalan","level":"35","log_name":"Fishing Log: Sagolii Desert","location":"Southern Thanalan - Sagolii Desert","type":"Dunefishing","requirements":"Dunefishing"},{"category":"thanalan","title":"Thanalan","level":"35","log_name":"Fishing Log: Sagolii Desert","location":"Southern Thanalan - Sagolii Desert","type":"Dunefishing","requirements":"Dunefishing"},{"category":"thanalan","title":"Thanalan","level":"35","log_name":"Fishing Log: Sagolii Desert","location":"Southern Thanalan - Sagolii Desert","type":"Dunefishing","requirements":"Dunefishing"},{"category":"thanalan","title":"Thanalan","level":"35","log_name":"Fishing Log: Sagolii Desert","location":"Southern Thanalan - Sagolii Desert","type":"Dunefishing","requirements":"Dunefishing"},{"category":"thanalan","title":"Thanalan","level":"35","log_name":"Fishing Log: Sagolii Desert","location":"Southern Thanalan - Sagolii Desert","type":"Dunefishing","requirements":"Dunefishing"}]