[{"category":"the_black_shroud","title":"The Black Shroud","level":"Level","log_name":"Log","location":"Location","type":"Type","requirements":"Requirements"},{"category":"the_black_shroud","title":"The Black Shroud","level":"Level","log_name":"Log","location":"Location","type":"Type","requirements":"Requirements"},{"category":"the_black_shroud","title":"The Black Shroud","level":"5","log_name":"Fishing Log: Upper Black Tea Brook","location":"Old Gridania - Upper Black Tea Brook","type":"Freshwater","requirements":""},{"category":"the_black_shroud","title":"The Black Shroud","level":"5","log_name":"Fishing Log: Upper Black Tea Brook","location":"Old Gridania - Upper Black Tea Brook","type":"Freshwater","requirements":""},{"category":"the_black_shroud","title":"The Black Shroud","level":"15","log_name":"Fishing Log: The Mirror","location":"Central Shroud - Bentbranch - The Mirror","type":"Freshwater","requirements":""},{"category":"the_black_shroud","title":"The Black Shroud","level":"15","log_name":"Fishing Log: The Mirror","location":"Central Shroud - Bentbranch - The Mirror","type":"Freshwater","requirements":""},{"category":"the_black_shroud","title":"The Black Shroud","level":"15","log_name":"Fishing Log: The Mirror","location":"Central Shroud - Bentbranch - The Mirror","type":"Freshwater","requirements":""},{"category":"the_black_shroud","title":"The Black Shroud","level":"15","log_name":"Fishing Log: The Mirror","location":"Central Shroud - Bentbranch - The Mirror","type":"Freshwater","requirements":""},{"category":"the_black_shroud","title":"The Black Shroud","level":"15","log_name":"Fishing Log: The Mirror","location":"Central Shroud - Bentbranch - The Mirror","type":"Freshwater","requirements":""},{"category":"the_black_shroud","title":"The Black Shroud","level":"20","log_name":"Fishing Log: Sanctum of the Twelve","location":"East Shroud - The Bramble Patch - Sanctum of the Twelve","type":"Freshwater","requirements":""},{"category":"the_black_shroud","title":"The Black Shroud","level":"20","log_name":"Fishing Log: Sanctum of the Twelve","location":"East Shroud - The Bramble Patch - Sanctum of the Twelve","type":"Freshwater","requirements":""},{"category":"the_black_shroud","title":"The Black Shroud","level":"20","log_name":"Fishing Log: Sanctum of the Twelve","location":"East Shroud - The Bramble Patch - Sanctum of the Twelve","type":"Freshwater","requirements":""},{"category":"the_black_shroud","title":"The Black Shroud","level":"20","log_name":"Fishing Log: Sanctum of the Twelve","location":"East Shroud - The Bramble Patch - Sanctum of the Twelve","type":"Freshwater","requirements":""},{"category":"the_black_shroud","title":"The Black Shroud","level":"20","log_name":"Fishing Log: Sanctum of the Twelve","location":"East Shroud - The Bramble Patch - Sanctum of the Twelve","type":"Freshwater","requirements":""},{"category":"the_black_shroud","title":"The Black Shroud","level":"30","log_name":"Fishing Log: Goblinblood","location":"South Shroud - Silent Arbor - Goblinblood","type":"Freshwater","requirements":""},{"category":"the_black_shroud","title":"The Black Shroud","level":"30","log_name":"Fishing Log: Goblinblood","location":"South Shroud - Silent Arbor - Goblinblood","type":"Freshwater","requirements":""},{"category":"the_black_shroud","title":"The Black Shroud","level":"30","log_name":"Fishing Log: Goblinblood","location":"South Shroud - Silent Arbor - Goblinblood","type":"Freshwater","requirements":""},{"category":"the_black_shroud","title":"The Black Shroud","level":"30","log_name":"Fishing Log: Goblinblood","location":"South Shroud - Silent Arbor - Goblinblood","type":"Freshwater","requirements":""},{"category":"the_black_shroud","title":"The Black Shroud","level":"30","log_name":"Fishing Log: Goblinblood","location":"South Shroud - Silent Arbor - Goblinblood","type":"Freshwater","requirements":""},{"category":"the_black_shroud","title":"The Black Shroud","level":"30","log_name":"Fishing Log: Goblinblood","location":"South Shroud - Silent Arbor - Goblinblood","type":"Freshwater","requirements":""},{"category":"the_black_shroud","title":"The Black Shroud","level":"30","log_name":"Fishing Log: Goblinblood","location":"South Shroud - Silent Arbor - Goblinblood","type":"Freshwater","requirements":""}]