[
    {
        "class": "Arcanist",
        "set": "01",
        "rank": "1",
        "region": "Middle La Noscea",
        "area": "Zephyr Drift",
        "enemy": "Little Ladybug",
        "num": "3",
        "x_loc": "22",
        "y_loc": "24",
        "icon": "Ladybug_Icon.png"
    },
    {
        "class": "Arcanist",
        "set": "02",
        "rank": "1",
        "region": "Middle La Noscea",
        "area": "Zephyr Drift",
        "enemy": "Wharf Rat",
        "num": "3",
        "x_loc": "21",
        "y_loc": "23",
        "icon": "Beetle_Icon.png"
    },
    {
        "class": "Arcanist",
        "set": "03",
        "rank": "1",
        "region": "Middle La Noscea",
        "area": "Zephyr Drift",
        "enemy": "Lost Lamb",
        "num": "3",
        "x_loc": "23",
        "y_loc": "24",
        "icon": "Sheep_Icon.png"
    },
    {
        "class": "Arcanist",
        "set": "04",
        "rank": "1",
        "region": "Lower La Noscea",
        "area": "Cedarwood",
        "enemy": "Wind Sprite",
        "num": "3",
        "x_loc": "28",
        "y_loc": "20",
        "icon": "Wind_Elemental_Icon.png"
    },
    {
        "class": "Arcanist",
        "set": "05",
        "rank": "1",
        "region": "Middle La Noscea",
        "area": "Summerford",
        "enemy": "Puk Hatchling",
        "num": "3",
        "x_loc": "20",
        "y_loc": "19",
        "icon": "Puk_Icon.png"
    },
    {
        "class": "Arcanist",
        "set": "06",
        "rank": "1",
        "region": "Lower La Noscea",
        "area": "Cedarwood",
        "enemy": "Nesting Buzzard",
        "num": "3",
        "x_loc": "31",
        "y_loc": "16",
        "icon": "Vulture_Icon.png"
    },
    {
        "class": "Arcanist",
        "set": "07",
        "rank": "1",
        "region": "Middle La Noscea",
        "area": "Summerford",
        "enemy": "Bogy",
        "num": "3",
        "x_loc": "20",
        "y_loc": "19",
        "icon": "Ghost_Icon.png"
    },
    {
        "class": "Arcanist",
        "set": "08",
        "rank": "1",
        "region": "Lower La Noscea",
        "area": "Cedarwood",
        "enemy": "Cave Bat",
        "num": "3",
        "x_loc": "25",
        "y_loc": "15",
        "icon": "Bat_Icon.png"
    },
    {
        "class": "Arcanist",
        "set": "08",
        "rank": "1",
        "region": "Lower La Noscea",
        "area": "Cedarwood",
        "enemy": "Galago",
        "num": "3",
        "x_loc": "29",
        "y_loc": "14",
        "icon": "Bat_Icon.png"
    },
    {
        "class": "Arcanist",
        "set": "09",
        "rank": "1",
        "region": "Middle La Noscea",
        "area": "Summerford",
        "enemy": "Grounded Pirate",
        "num": "3",
        "x_loc": "20",
        "y_loc": "16",
        "icon": "Hyur_Icon.png"
    },
    {
        "class": "Arcanist",
        "set": "10",
        "rank": "1",
        "region": "Lower La Noscea",
        "area": "The God's Grip",
        "enemy": "Lightning Sprite",
        "num": "3",
        "x_loc": "20",
        "y_loc": "32",
        "icon": "Lightning_Elemental_Icon.png"
    },
    {
        "class": "Arcanist",
        "set": "11",
        "rank": "2",
        "region": "Western La Noscea",
        "area": "Quarterstone",
        "enemy": "Sewer Mole",
        "num": "3",
        "x_loc": "33",
        "y_loc": "28",
        "icon": "Mole_Icon.png"
    },
    {
        "class": "Arcanist",
        "set": "12",
        "rank": "2",
        "region": "Lower La Noscea",
        "area": "Moraby Bay",
        "enemy": "Mossless Goobbue",
        "num": "3",
        "x_loc": "32",
        "y_loc": "15",
        "icon": "Goobbue_Icon.png"
    },
    {
        "class": "Arcanist",
        "set": "13",
        "rank": "2",
        "region": "Western La Noscea",
        "area": "Quarterstone",
        "enemy": "Fat Dodo",
        "num": "3",
        "x_loc": "32",
        "y_loc": "27",
        "icon": "Dodo_Icon.png"
    },
    {
        "class": "Arcanist",
        "set": "14",
        "rank": "2",
        "region": "Western La Noscea",
        "area": "Quarterstone",
        "enemy": "Arbor Buzzard",
        "num": "3",
        "x_loc": "30",
        "y_loc": "29",
        "icon": "Beetle_Icon.png"
    },
    {
        "class": "Arcanist",
        "set": "15",
        "rank": "2",
        "region": "Lower La Noscea",
        "area": "The God's Grip",
        "enemy": "Qiqirn Eggdigger",
        "num": "3",
        "x_loc": "18",
        "y_loc": "35",
        "icon": "Qiqirn_Icon.png"
    },
    {
        "class": "Arcanist",
        "set": "16",
        "rank": "2",
        "region": "Western La Noscea",
        "area": "Skull Valley",
        "enemy": "Dusk Bat",
        "num": "3",
        "x_loc": "28",
        "y_loc": "22",
        "icon": "Bat_Icon.png"
    },
    {
        "class": "Arcanist",
        "set": "17",
        "rank": "2",
        "region": "Western La Noscea",
        "area": "Skull Valley",
        "enemy": "Puk Hatchling",
        "num": "3",
        "x_loc": "28",
        "y_loc": "22",
        "icon": "Puk_Icon.png"
    },
    {
        "class": "Arcanist",
        "set": "18",
        "rank": "2",
        "region": "Western La Noscea",
        "area": "Skull Valley",
        "enemy": "Hedgemole",
        "num": "3",
        "x_loc": "26",
        "y_loc": "23",
        "icon": "Hedgemole_Icon.png"
    },
    {
        "class": "Arcanist",
        "set": "18",
        "rank": "2",
        "region": "Western La Noscea",
        "area": "Skull Valley",
        "enemy": "Rothlyt Pelican",
        "num": "3",
        "x_loc": "24",
        "y_loc": "22",
        "icon": "Hedgemole_Icon.png"
    },
    {
        "class": "Arcanist",
        "set": "19",
        "rank": "2",
        "region": "Western La Noscea",
        "area": "Skull Valley",
        "enemy": "Killer Mantis",
        "num": "3",
        "x_loc": "22",
        "y_loc": "20",
        "icon": "Mantis_Icon.png"
    },
    {
        "class": "Arcanist",
        "set": "20",
        "rank": "2",
        "region": "Upper La Noscea",
        "area": "Oakwood",
        "enemy": "Bumble Beetle",
        "num": "3",
        "x_loc": "12",
        "y_loc": "23",
        "icon": "Beetle_Icon.png"
    },
    {
        "class": "Arcanist",
        "set": "21",
        "rank": "3",
        "region": "East Shroud",
        "area": "Nine Ivies",
        "enemy": "Overgrown Ivy",
        "num": "4",
        "x_loc": "23",
        "y_loc": "29",
        "icon": "Beetle_Icon.png"
    },
    {
        "class": "Arcanist",
        "set": "22",
        "rank": "3",
        "region": "Western Thanalan",
        "area": "The Footfalls",
        "enemy": "Lead Coblyn",
        "num": "4",
        "x_loc": "13",
        "y_loc": "10",
        "icon": "Coblyn_Icon.png"
    },
    {
        "class": "Arcanist",
        "set": "23",
        "rank": "3",
        "region": "South Shroud",
        "area": "Upper Paths",
        "enemy": "Kedtrap",
        "num": "4",
        "x_loc": "21",
        "y_loc": "21",
        "icon": "Beetle_Icon.png"
    },
    {
        "class": "Arcanist",
        "set": "24",
        "rank": "3",
        "region": "Upper La Noscea",
        "area": "Oakwood",
        "enemy": "Coeurl Pup",
        "num": "4",
        "x_loc": "9",
        "y_loc": "20",
        "icon": "Coeurl_Icon.png"
    },
    {
        "class": "Arcanist",
        "set": "25",
        "rank": "3",
        "region": "South Shroud",
        "area": "Silent Arbor",
        "enemy": "Antelope Stag",
        "num": "4",
        "x_loc": "22",
        "y_loc": "20",
        "icon": "Antelope_Icon.png"
    },
    {
        "class": "Arcanist",
        "set": "26",
        "rank": "3",
        "region": "North Shroud",
        "area": "Alder Springs",
        "enemy": "Balloon",
        "num": "4",
        "x_loc": "17",
        "y_loc": "26",
        "icon": "Bomb_Icon.png"
    },
    {
        "class": "Arcanist",
        "set": "26",
        "rank": "3",
        "region": "Eastern Thanalan",
        "area": "Wellwick Wood",
        "enemy": "Chasm Buzzard",
        "num": "2",
        "x_loc": "22",
        "y_loc": "20",
        "icon": "Bomb_Icon.png"
    },
    {
        "class": "Arcanist",
        "set": "27",
        "rank": "3",
        "region": "Eastern Thanalan",
        "area": "Wellwick Wood",
        "enemy": "Axe Beak",
        "num": "4",
        "x_loc": "25",
        "y_loc": "18",
        "icon": "Beetle_Icon.png"
    },
    {
        "class": "Arcanist",
        "set": "28",
        "rank": "3",
        "region": "North Shroud",
        "area": "Alder Springs",
        "enemy": "Clay Golem",
        "num": "4",
        "x_loc": "19",
        "y_loc": "28",
        "icon": "Golem_Icon.png"
    },
    {
        "class": "Arcanist",
        "set": "28",
        "rank": "3",
        "region": "Southern Thanalan",
        "area": "Broken Water",
        "enemy": "Sandstone Golem",
        "num": "2",
        "x_loc": "22",
        "y_loc": "11",
        "icon": "Golem_Icon.png"
    },
    {
        "class": "Arcanist",
        "set": "29",
        "rank": "3",
        "region": "Central Shroud",
        "area": "Sorrel Haven",
        "enemy": "Brood Ziz",
        "num": "4",
        "x_loc": "15",
        "y_loc": "20",
        "icon": "Beetle_Icon.png"
    },
    {
        "class": "Arcanist",
        "set": "30",
        "rank": "3",
        "region": "Central Shroud",
        "area": "Sorrel Haven",
        "enemy": "Lindwurm",
        "num": "4",
        "x_loc": "13",
        "y_loc": "19",
        "icon": "Beetle_Icon.png"
    },
    {
        "class": "Arcanist",
        "set": "31",
        "rank": "4",
        "region": "Eastern La Noscea",
        "area": "Bloodshore",
        "enemy": "Qiqirn Gullroaster",
        "num": "4",
        "x_loc": "26",
        "y_loc": "32",
        "icon": "Qiqirn_Icon.png"
    },
    {
        "class": "Arcanist",
        "set": "32",
        "rank": "4",
        "region": "Eastern La Noscea",
        "area": "Raincatcher Gully",
        "enemy": "Grass Raptor",
        "num": "4",
        "x_loc": "16",
        "y_loc": "25",
        "icon": "Raptor_Icon.png"
    },
    {
        "class": "Arcanist",
        "set": "33",
        "rank": "4",
        "region": "Eastern La Noscea",
        "area": "Raincatcher Gully",
        "enemy": "Gigantoad",
        "num": "4",
        "x_loc": "18",
        "y_loc": "26",
        "icon": "Gigantoad_Icon.png"
    },
    {
        "class": "Arcanist",
        "set": "34",
        "rank": "4",
        "region": "Southern Thanalan",
        "area": "Sagolii Desert",
        "enemy": "Sundrake",
        "num": "4",
        "x_loc": "25",
        "y_loc": "38",
        "icon": "Drake_Icon.png"
    },
    {
        "class": "Arcanist",
        "set": "35",
        "rank": "4",
        "region": "Eastern La Noscea",
        "area": "Bloodshore",
        "enemy": "Colibri",
        "num": "4",
        "x_loc": "30",
        "y_loc": "24",
        "icon": "Colibri_Icon.png"
    },
    {
        "class": "Arcanist",
        "set": "36",
        "rank": "4",
        "region": "Outer La Noscea",
        "area": "The Long Climb",
        "enemy": "Coeurl",
        "num": "4",
        "x_loc": "14",
        "y_loc": "14",
        "icon": "Coeurl_Icon.png"
    },
    {
        "class": "Arcanist",
        "set": "36",
        "rank": "4",
        "region": "Eastern La Noscea",
        "area": "Raincatcher Gully",
        "enemy": "Mildewed Goobbue",
        "num": "1",
        "x_loc": "17",
        "y_loc": "32",
        "icon": "Coeurl_Icon.png"
    },
    {
        "class": "Arcanist",
        "set": "37",
        "rank": "4",
        "region": "Coerthas Central Highlands",
        "area": "Dragonhead",
        "enemy": "Snow Wolf Pup",
        "num": "4",
        "x_loc": "21",
        "y_loc": "29",
        "icon": "Wolf_Icon.png"
    },
    {
        "class": "Arcanist",
        "set": "38",
        "rank": "4",
        "region": "Coerthas Central Highlands",
        "area": "Dragonhead",
        "enemy": "Feral Croc",
        "num": "4",
        "x_loc": "27",
        "y_loc": "24",
        "icon": "Croc_Icon.png"
    },
    {
        "class": "Arcanist",
        "set": "38",
        "rank": "4",
        "region": "North Shroud",
        "area": "Proud Creek",
        "enemy": "Dryad",
        "num": "2",
        "x_loc": "23",
        "y_loc": "25",
        "icon": "Croc_Icon.png"
    },
    {
        "class": "Arcanist",
        "set": "39",
        "rank": "4",
        "region": "Coerthas Central Highlands",
        "area": "Providence Point",
        "enemy": "Taurus",
        "num": "4",
        "x_loc": "32",
        "y_loc": "12",
        "icon": "Taurus_Icon.png"
    },
    {
        "class": "Arcanist",
        "set": "40",
        "rank": "4",
        "region": "East Shroud",
        "area": "Larkscall",
        "enemy": "Molted Ziz",
        "num": "4",
        "x_loc": "25",
        "y_loc": "24",
        "icon": "Beetle_Icon.png"
    },
    {
        "class": "Arcanist",
        "set": "41",
        "rank": "5",
        "region": "Eastern Thanalan",
        "area": "The Burning Wall",
        "enemy": "Quartz Doblyn",
        "num": "4",
        "x_loc": "30",
        "y_loc": "25",
        "icon": "Beetle_Icon.png"
    },
    {
        "class": "Arcanist",
        "set": "42",
        "rank": "5",
        "region": "Western La Noscea",
        "area": "The Isles of Umbra",
        "enemy": "Lammergeyer",
        "num": "4",
        "x_loc": "12",
        "y_loc": "36",
        "icon": "Beetle_Icon.png"
    },
    {
        "class": "Arcanist",
        "set": "43",
        "rank": "5",
        "region": "East Shroud",
        "area": "Larkscall",
        "enemy": "3rd Cohort Laquearius",
        "num": "2",
        "x_loc": "29",
        "y_loc": "20",
        "icon": "Imperial_Icon.png"
    },
    {
        "class": "Arcanist",
        "set": "44",
        "rank": "5",
        "region": "Mor Dhona",
        "area": "Fogfens",
        "enemy": "Nix",
        "num": "4",
        "x_loc": "19",
        "y_loc": "9",
        "icon": "Beetle_Icon.png"
    },
    {
        "class": "Arcanist",
        "set": "44",
        "rank": "5",
        "region": "Mor Dhona",
        "area": "Fogfens",
        "enemy": "Mudpuppy",
        "num": "2",
        "x_loc": "13",
        "y_loc": "10",
        "icon": "Beetle_Icon.png"
    },
    {
        "class": "Arcanist",
        "set": "45",
        "rank": "5",
        "region": "South Shroud",
        "area": "Urth's Gift",
        "enemy": "Wild Hog",
        "num": "4",
        "x_loc": "29",
        "y_loc": "24",
        "icon": "Boar_Icon.png"
    },
    {
        "class": "Arcanist",
        "set": "46",
        "rank": "5",
        "region": "North Shroud",
        "area": "Proud Creek",
        "enemy": "Watchwolf",
        "num": "4",
        "x_loc": "20",
        "y_loc": "18",
        "icon": "Wolf_Icon.png"
    },
    {
        "class": "Arcanist",
        "set": "46",
        "rank": "5",
        "region": "Mor Dhona",
        "area": "Fogfens",
        "enemy": "5th Cohort Laquearius",
        "num": "2",
        "x_loc": "11",
        "y_loc": "11",
        "icon": "Wolf_Icon.png"
    },
    {
        "class": "Arcanist",
        "set": "47",
        "rank": "5",
        "region": "Coerthas Central Highlands",
        "area": "Boulder Downs",
        "enemy": "Snow Wolf",
        "num": "4",
        "x_loc": "16",
        "y_loc": "32",
        "icon": "Wolf_Icon.png"
    },
    {
        "class": "Arcanist",
        "set": "48",
        "rank": "5",
        "region": "Coerthas Central Highlands",
        "area": "Natalan",
        "enemy": "Natalan Watchwolf",
        "num": "4",
        "x_loc": "31",
        "y_loc": "18",
        "icon": "Wolf_Icon.png"
    },
    {
        "class": "Arcanist",
        "set": "48",
        "rank": "5",
        "region": "Western La Noscea",
        "area": "Sapsa Spawning Grounds",
        "enemy": "Axolotl",
        "num": "2",
        "x_loc": "12",
        "y_loc": "15",
        "icon": "Wolf_Icon.png"
    },
    {
        "class": "Arcanist",
        "set": "49",
        "rank": "5",
        "region": "Souther Thanalan",
        "area": "Zahar'ak",
        "enemy": "Zahar'ak Battle Drake",
        "num": "4",
        "x_loc": "31",
        "y_loc": "19",
        "icon": "Drake_Icon.png"
    },
    {
        "class": "Arcanist",
        "set": "50",
        "rank": "5",
        "region": "Western Thanalan",
        "area": "Cape Westwind",
        "enemy": "4th Cohort Vanguard",
        "num": "4",
        "x_loc": "12",
        "y_loc": "7",
        "icon": "Vanguard_Icon.png"
    }
]