[
    {
        "class": "Archer",
        "set": "01",
        "rank": "1",
        "region": "Central Shroud",
        "area": "Jadeite Thick",
        "enemy": "Little Ladybug",
        "num": "4",
        "x_loc": "22",
        "y_loc": "18",
        "icon": "Ladybug_Icon.png"
    },
    {
        "class": "Archer",
        "set": "02",
        "rank": "1",
        "region": "Central Shroud",
        "area": "Jadeite Thick",
        "enemy": "Ground Squirrel",
        "num": "4",
        "x_loc": "22",
        "y_loc": "17",
        "icon": "Beetle_Icon.png"
    },
    {
        "class": "Archer",
        "set": "03",
        "rank": "1",
        "region": "Central Shroud",
        "area": "Jadeite Thick",
        "enemy": "Forest Funguar",
        "num": "4",
        "x_loc": "24",
        "y_loc": "18",
        "icon": "Funguar_Icon.png"
    },
    {
        "class": "Archer",
        "set": "04",
        "rank": "1",
        "region": "North Shroud",
        "area": "Treespeak",
        "enemy": "Miteling",
        "num": "4",
        "x_loc": "25",
        "y_loc": "27",
        "icon": "Beetle_Icon.png"
    },
    {
        "class": "Archer",
        "set": "05",
        "rank": "1",
        "region": "North Shroud",
        "area": "Peacegarden",
        "enemy": "Midge Swarm",
        "num": "4",
        "x_loc": "27",
        "y_loc": "21",
        "icon": "Beetle_Icon.png"
    },
    {
        "class": "Archer",
        "set": "06",
        "rank": "1",
        "region": "Central Shroud",
        "area": "Greentear",
        "enemy": "Water Sprite",
        "num": "4",
        "x_loc": "25",
        "y_loc": "21",
        "icon": "Water_Elemental_Icon.png"
    },
    {
        "class": "Archer",
        "set": "07",
        "rank": "1",
        "region": "Central Shroud",
        "area": "Greentear",
        "enemy": "Black Eft",
        "num": "4",
        "x_loc": "26",
        "y_loc": "19",
        "icon": "Eft_Icon.png"
    },
    {
        "class": "Archer",
        "set": "08",
        "rank": "1",
        "region": "Central Shroud",
        "area": "Greentear",
        "enemy": "Anole",
        "num": "4",
        "x_loc": "30",
        "y_loc": "20",
        "icon": "Beetle_Icon.png"
    },
    {
        "class": "Archer",
        "set": "09",
        "rank": "1",
        "region": "Central Shroud",
        "area": "Greentear",
        "enemy": "Trickster Imp",
        "num": "4",
        "x_loc": "26",
        "y_loc": "25",
        "icon": "Imp_Icon.png"
    },
    {
        "class": "Archer",
        "set": "10",
        "rank": "1",
        "region": "Central Shroud",
        "area": "Bentbranch",
        "enemy": "Roselet",
        "num": "4",
        "x_loc": "22",
        "y_loc": "26",
        "icon": "Beetle_Icon.png"
    },
    {
        "class": "Archer",
        "set": "11",
        "rank": "2",
        "region": "Central Shroud",
        "area": "Bentbranch",
        "enemy": "Hornet Swarm ",
        "num": "4",
        "x_loc": "23",
        "y_loc": "25",
        "icon": "Beetle_Icon.png"
    },
    {
        "class": "Archer",
        "set": "12",
        "rank": "2",
        "region": "Central Shroud",
        "area": "Bentbranch",
        "enemy": "Arbor Buzzard",
        "num": "4",
        "x_loc": "26",
        "y_loc": "29",
        "icon": "Beetle_Icon.png"
    },
    {
        "class": "Archer",
        "set": "13",
        "rank": "2",
        "region": "East Shroud",
        "area": "The Honey Yard",
        "enemy": "Goblin Hunter",
        "num": "1",
        "x_loc": "13",
        "y_loc": "27",
        "icon": "Goblin_Icon.png"
    },
    {
        "class": "Archer",
        "set": "13",
        "rank": "2",
        "region": "Central Shroud",
        "area": "Jadeite Thick",
        "enemy": "Treant Sapling",
        "num": "1",
        "x_loc": "27",
        "y_loc": "15",
        "icon": "Goblin_Icon.png"
    },
    {
        "class": "Archer",
        "set": "13",
        "rank": "2",
        "region": "Central Shroud",
        "area": "The Tam-Tara Deepcroft",
        "enemy": "Magicked Bones",
        "num": "1",
        "x_loc": "19",
        "y_loc": "27",
        "icon": "Goblin_Icon.png"
    },
    {
        "class": "Archer",
        "set": "13",
        "rank": "2",
        "region": "East Shroud",
        "area": "The Honey Yard",
        "enemy": "Mandragora",
        "num": "1",
        "x_loc": "14",
        "y_loc": "25",
        "icon": "Goblin_Icon.png"
    },
    {
        "class": "Archer",
        "set": "14",
        "rank": "2",
        "region": "East Shroud",
        "area": "The Honey Yard",
        "enemy": "Wild Hoglet",
        "num": "4",
        "x_loc": "13",
        "y_loc": "23",
        "icon": "Boar_Icon.png"
    },
    {
        "class": "Archer",
        "set": "15",
        "rank": "2",
        "region": "East Shroud",
        "area": "Nine Ivies",
        "enemy": "Lemur",
        "num": "4",
        "x_loc": "20",
        "y_loc": "29",
        "icon": "Beetle_Icon.png"
    },
    {
        "class": "Archer",
        "set": "16",
        "rank": "2",
        "region": "East Shroud",
        "area": "Nine Ivies",
        "enemy": "Faerie Funguar",
        "num": "4",
        "x_loc": "18",
        "y_loc": "28",
        "icon": "Funguar_Icon.png"
    },
    {
        "class": "Archer",
        "set": "17",
        "rank": "2",
        "region": "East Shroud",
        "area": "Nine Ivies",
        "enemy": "Giant Gnat",
        "num": "4",
        "x_loc": "19",
        "y_loc": "27",
        "icon": "Gnat_Icon.png"
    },
    {
        "class": "Archer",
        "set": "18",
        "rank": "2",
        "region": "East Shroud",
        "area": "Nine Ivies",
        "enemy": "Raptor Poacher",
        "num": "4",
        "x_loc": "19",
        "y_loc": "30",
        "icon": "Miqo%27te_Icon.png"
    },
    {
        "class": "Archer",
        "set": "19",
        "rank": "2",
        "region": "South Shroud",
        "area": "Upper Paths",
        "enemy": "Antelope Doe",
        "num": "4",
        "x_loc": "15",
        "y_loc": "18",
        "icon": "Antelope_Icon.png"
    },
    {
        "class": "Archer",
        "set": "20",
        "rank": "2",
        "region": "East Shroud",
        "area": "The Bramble Patch",
        "enemy": "Wild Boar",
        "num": "4",
        "x_loc": "16",
        "y_loc": "23",
        "icon": "Boar_Icon.png"
    },
    {
        "class": "Archer",
        "set": "21",
        "rank": "3",
        "region": "Upper La Noscea",
        "area": "Oakwood",
        "enemy": "Stoneshell",
        "num": "5",
        "x_loc": "13",
        "y_loc": "24",
        "icon": "Crab_Icon.png"
    },
    {
        "class": "Archer",
        "set": "22",
        "rank": "3",
        "region": "East Shroud",
        "area": "The Bramble Patch",
        "enemy": "Diseased Treant",
        "num": "5",
        "x_loc": "16",
        "y_loc": "23",
        "icon": "Treant_Icon.png"
    },
    {
        "class": "Archer",
        "set": "23",
        "rank": "3",
        "region": "East Shroud",
        "area": "The Bramble Patch",
        "enemy": "Jumping Djigga",
        "num": "2",
        "x_loc": "16",
        "y_loc": "21",
        "icon": "Beetle_Icon.png"
    },
    {
        "class": "Archer",
        "set": "23",
        "rank": "3",
        "region": "South Shroud",
        "area": "Upper Paths",
        "enemy": "Overgrown Offering",
        "num": "2",
        "x_loc": "18",
        "y_loc": "19",
        "icon": "Beetle_Icon.png"
    },
    {
        "class": "Archer",
        "set": "23",
        "rank": "3",
        "region": "Western Thanalan",
        "area": "The Footfalls",
        "enemy": "Yarzon Scavenger",
        "num": "2",
        "x_loc": "14",
        "y_loc": "8",
        "icon": "Beetle_Icon.png"
    },
    {
        "class": "Archer",
        "set": "23",
        "rank": "3",
        "region": "Upper La Noscea",
        "area": "Oakwood",
        "enemy": "Forest Yarzon",
        "num": "2",
        "x_loc": "11",
        "y_loc": "21",
        "icon": "Beetle_Icon.png"
    },
    {
        "class": "Archer",
        "set": "24",
        "rank": "3",
        "region": "South Shroud",
        "area": "Upper Paths",
        "enemy": "Redbelly Sharpeye",
        "num": "5",
        "x_loc": "23",
        "y_loc": "19",
        "icon": "Beetle_Icon.png"
    },
    {
        "class": "Archer",
        "set": "25",
        "rank": "3",
        "region": "North Shroud",
        "area": "Alder Springs",
        "enemy": "Banemite",
        "num": "5",
        "x_loc": "18",
        "y_loc": "26",
        "icon": "Beetle_Icon.png"
    },
    {
        "class": "Archer",
        "set": "26",
        "rank": "3",
        "region": "Eastern Thanalan",
        "area": "Wellwick Wood",
        "enemy": "Chasm Buzzard",
        "num": "5",
        "x_loc": "22",
        "y_loc": "19",
        "icon": "Vulture_Icon.png"
    },
    {
        "class": "Archer",
        "set": "27",
        "rank": "3",
        "region": "Southern Thanalan",
        "area": "Broken Water",
        "enemy": "Sandskin Peiste",
        "num": "5",
        "x_loc": "19",
        "y_loc": "10",
        "icon": "Peiste_Icon.png"
    },
    {
        "class": "Archer",
        "set": "28",
        "rank": "3",
        "region": "North Shroud",
        "area": "Alder Springs",
        "enemy": "Ziz",
        "num": "5",
        "x_loc": "15",
        "y_loc": "27",
        "icon": "Beetle_Icon.png"
    },
    {
        "class": "Archer",
        "set": "29",
        "rank": "3",
        "region": "Central Shroud",
        "area": "Sorrel Haven",
        "enemy": "Toadstool",
        "num": "5",
        "x_loc": "15",
        "y_loc": "17",
        "icon": "Beetle_Icon.png"
    },
    {
        "class": "Archer",
        "set": "30",
        "rank": "3",
        "region": "Eastern La Noscea",
        "area": "Bloodshore",
        "enemy": "Apkallu",
        "num": "5",
        "x_loc": "28",
        "y_loc": "35",
        "icon": "Apkallu_Icon.png"
    },
    {
        "class": "Archer",
        "set": "31",
        "rank": "4",
        "region": "Central Shroud",
        "area": "Haukke Manor (Landmark)",
        "enemy": "Floating Eye",
        "num": "5",
        "x_loc": "11",
        "y_loc": "22",
        "icon": "Beetle_Icon.png"
    },
    {
        "class": "Archer",
        "set": "32",
        "rank": "4",
        "region": "Southern Thanalan",
        "area": "Sagolii Desert",
        "enemy": "Sandworm",
        "num": "5",
        "x_loc": "23",
        "y_loc": "32",
        "icon": "Sandworm_Icon.png"
    },
    {
        "class": "Archer",
        "set": "33",
        "rank": "4",
        "region": "Central Shroud",
        "area": "The Standing Corses",
        "enemy": "Spriggan",
        "num": "2",
        "x_loc": "12",
        "y_loc": "16",
        "icon": "Spriggan_Icon.png"
    },
    {
        "class": "Archer",
        "set": "33",
        "rank": "4",
        "region": "Southern Thanalan",
        "area": "Sagolii Desert",
        "enemy": "Smoke Bomb",
        "num": "2",
        "x_loc": "19",
        "y_loc": "35",
        "icon": "Spriggan_Icon.png"
    },
    {
        "class": "Archer",
        "set": "33",
        "rank": "4",
        "region": "Southern Thanalan",
        "area": "Sagolii Desert",
        "enemy": "Russet Yarzon",
        "num": "2",
        "x_loc": "13",
        "y_loc": "32",
        "icon": "Spriggan_Icon.png"
    },
    {
        "class": "Archer",
        "set": "33",
        "rank": "4",
        "region": "Eastern La Noscea",
        "area": "Raincatcher Gully",
        "enemy": "Giant Pelican",
        "num": "2",
        "x_loc": "20",
        "y_loc": "32",
        "icon": "Spriggan_Icon.png"
    },
    {
        "class": "Archer",
        "set": "34",
        "rank": "4",
        "region": "Eastern La Noscea",
        "area": "Bloodshore",
        "enemy": "Bloodshore Bell",
        "num": "5",
        "x_loc": "31",
        "y_loc": "26",
        "icon": "Beetle_Icon.png"
    },
    {
        "class": "Archer",
        "set": "35",
        "rank": "4",
        "region": "Eastern La Noscea",
        "area": "Raincatcher Gully",
        "enemy": "Jungle Coeurl",
        "num": "5",
        "x_loc": "18",
        "y_loc": "28",
        "icon": "Beetle_Icon.png"
    },
    {
        "class": "Archer",
        "set": "36",
        "rank": "4",
        "region": "Southern Thanalan",
        "area": "Sagolii Desert",
        "enemy": "Fallen Pikeman",
        "num": "2",
        "x_loc": "21",
        "y_loc": "38",
        "icon": "Fomor_Icon.png"
    },
    {
        "class": "Archer",
        "set": "36",
        "rank": "4",
        "region": "Upper La Noscea",
        "area": "Bronze Lake",
        "enemy": "Salamander",
        "num": "2",
        "x_loc": "27",
        "y_loc": "24",
        "icon": "Fomor_Icon.png"
    },
    {
        "class": "Archer",
        "set": "36",
        "rank": "4",
        "region": "Outer La Noscea",
        "area": "The Long Climb",
        "enemy": "Highland Condor",
        "num": "2",
        "x_loc": "16",
        "y_loc": "16",
        "icon": "Fomor_Icon.png"
    },
    {
        "class": "Archer",
        "set": "36",
        "rank": "4",
        "region": "Outer La Noscea",
        "area": "The Long Climb",
        "enemy": "Ringtail",
        "num": "2",
        "x_loc": "15",
        "y_loc": "12",
        "icon": "Fomor_Icon.png"
    },
    {
        "class": "Archer",
        "set": "37",
        "rank": "4",
        "region": "Coerthas Central Highlands",
        "area": "Whitebrim",
        "enemy": "Ice Sprite",
        "num": "5",
        "x_loc": "20",
        "y_loc": "31",
        "icon": "Beetle_Icon.png"
    },
    {
        "class": "Archer",
        "set": "38",
        "rank": "4",
        "region": "Coerthas Central Highlands",
        "area": "Dragonhead",
        "enemy": "Feral Croc",
        "num": "5",
        "x_loc": "26",
        "y_loc": "24",
        "icon": "Croc_Icon.png"
    },
    {
        "class": "Archer",
        "set": "39",
        "rank": "4",
        "region": "Coerthas Central Highlands",
        "area": "Dragonhead",
        "enemy": "Vodoriga",
        "num": "5",
        "x_loc": "27",
        "y_loc": "14",
        "icon": "Vodoriga_Icon.png"
    },
    {
        "class": "Archer",
        "set": "40",
        "rank": "4",
        "region": "Coerthas Central Highlands",
        "area": "Whitebrim",
        "enemy": "Baritine Croc",
        "num": "5",
        "x_loc": "3",
        "y_loc": "21",
        "icon": "Croc_Icon.png"
    },
    {
        "class": "Archer",
        "set": "41",
        "rank": "5",
        "region": "Coerthas Central Highlands",
        "area": "Whitebrim",
        "enemy": "Hippocerf",
        "num": "5",
        "x_loc": "9",
        "y_loc": "20",
        "icon": "Hippogryph_Icon.png"
    },
    {
        "class": "Archer",
        "set": "42",
        "rank": "5",
        "region": "Coerthas Central Highlands",
        "area": "Whitebrim",
        "enemy": "Dragonfly",
        "num": "5",
        "x_loc": "9",
        "y_loc": "14",
        "icon": "Dragonfly_Icon.png"
    },
    {
        "class": "Archer",
        "set": "43",
        "rank": "5",
        "region": "East Shroud",
        "area": "Larkscall",
        "enemy": "Old-growth Treant",
        "num": "2",
        "x_loc": "25",
        "y_loc": "20",
        "icon": "Treant_Icon.png"
    },
    {
        "class": "Archer",
        "set": "43",
        "rank": "5",
        "region": "East Shroud",
        "area": "Larkscall",
        "enemy": "Morbol",
        "num": "2",
        "x_loc": "23",
        "y_loc": "21",
        "icon": "Treant_Icon.png"
    },
    {
        "class": "Archer",
        "set": "43",
        "rank": "5",
        "region": "Western La Noscea",
        "area": "The Isles of Umbra",
        "enemy": "Lammergeyer",
        "num": "2",
        "x_loc": "12",
        "y_loc": "36",
        "icon": "Treant_Icon.png"
    },
    {
        "class": "Archer",
        "set": "43",
        "rank": "5",
        "region": "Western La Noscea",
        "area": "The Isles of Umbra",
        "enemy": "Dead Man's Moan",
        "num": "2",
        "x_loc": "16",
        "y_loc": "31",
        "icon": "Treant_Icon.png"
    },
    {
        "class": "Archer",
        "set": "44",
        "rank": "5",
        "region": "Coerthas Central Highlands",
        "area": "Boulder Downs",
        "enemy": "Mudpuppy",
        "num": "5",
        "x_loc": "16",
        "y_loc": "30",
        "icon": "Beetle_Icon.png"
    },
    {
        "class": "Archer",
        "set": "45",
        "rank": "5",
        "region": "South Shroud",
        "area": "Urth's Gift",
        "enemy": "Lesser Kalong",
        "num": "5",
        "x_loc": "28",
        "y_loc": "22",
        "icon": "Beetle_Icon.png"
    },
    {
        "class": "Archer",
        "set": "46",
        "rank": "5",
        "region": "Southern Thanalan",
        "area": "Zanr'ak",
        "enemy": "Tempered Gladiator",
        "num": "2",
        "x_loc": "21",
        "y_loc": "19",
        "icon": "Hyur_Icon.png"
    },
    {
        "class": "Archer",
        "set": "46",
        "rank": "5",
        "region": "Coerthas Central Highlands",
        "area": "Boulder Downs",
        "enemy": "Giant Reader",
        "num": "2",
        "x_loc": "13",
        "y_loc": "28",
        "icon": "Hyur_Icon.png"
    },
    {
        "class": "Archer",
        "set": "46",
        "rank": "5",
        "region": "Mor Dhona",
        "area": "North Silvertear",
        "enemy": "Hippogryph",
        "num": "2",
        "x_loc": "27",
        "y_loc": "7",
        "icon": "Hyur_Icon.png"
    },
    {
        "class": "Archer",
        "set": "46",
        "rank": "5",
        "region": "Mor Dhona",
        "area": "Fogfens",
        "enemy": "5th Cohort Secutor",
        "num": "2",
        "x_loc": "11",
        "y_loc": "13",
        "icon": "Hyur_Icon.png"
    },
    {
        "class": "Archer",
        "set": "47",
        "rank": "5",
        "region": "East Shroud",
        "area": "Sylphlands",
        "enemy": "Sylphlands Condor",
        "num": "5",
        "x_loc": "26",
        "y_loc": "16",
        "icon": "Beetle_Icon.png"
    },
    {
        "class": "Archer",
        "set": "48",
        "rank": "5",
        "region": "East Shroud",
        "area": "Sylphlands",
        "enemy": "Milkroot Sapling",
        "num": "5",
        "x_loc": "23",
        "y_loc": "13",
        "icon": "Beetle_Icon.png"
    },
    {
        "class": "Archer",
        "set": "49",
        "rank": "5",
        "region": "Northern Thanalan",
        "area": "Bluefog",
        "enemy": "Ahriman",
        "num": "5",
        "x_loc": "24",
        "y_loc": "22",
        "icon": "Ahriman_Icon.png"
    },
    {
        "class": "Archer",
        "set": "50",
        "rank": "5",
        "region": "Western La Noscea",
        "area": "Halfstone",
        "enemy": "Shelfeye Reaver",
        "num": "5",
        "x_loc": "13",
        "y_loc": "16",
        "icon": "Beetle_Icon.png"
    }
]