[
    {
        "class": "Conjurer",
        "set": "01",
        "rank": "1",
        "region": "Central Shroud",
        "area": "Jadeite Thick",
        "enemy": "Little Ladybug",
        "num": "3",
        "x_loc": "23",
        "y_loc": "17",
        "icon": "Ladybug_Icon.png"
    },
    {
        "class": "Conjurer",
        "set": "02",
        "rank": "1",
        "region": "Central Shroud",
        "area": "Jadeite Thick",
        "enemy": "Ground Squirrel",
        "num": "3",
        "x_loc": "21",
        "y_loc": "16",
        "icon": "Beetle_Icon.png"
    },
    {
        "class": "Conjurer",
        "set": "03",
        "rank": "1",
        "region": "Central Shroud",
        "area": "Jadeite Thick",
        "enemy": "Forest Funguar",
        "num": "3",
        "x_loc": "25",
        "y_loc": "18",
        "icon": "Funguar_Icon.png"
    },
    {
        "class": "Conjurer",
        "set": "04",
        "rank": "1",
        "region": "North Shroud",
        "area": "Treespeak",
        "enemy": "Miteling",
        "num": "3",
        "x_loc": "24",
        "y_loc": "27",
        "icon": "Beetle_Icon.png"
    },
    {
        "class": "Conjurer",
        "set": "05",
        "rank": "1",
        "region": "Central Shroud",
        "area": "Greentear",
        "enemy": "Chigoe",
        "num": "3",
        "x_loc": "24",
        "y_loc": "21",
        "icon": "Chigoe_Icon.png"
    },
    {
        "class": "Conjurer",
        "set": "06",
        "rank": "1",
        "region": "Central Shroud",
        "area": "Greentear",
        "enemy": "Water Sprite",
        "num": "3",
        "x_loc": "24",
        "y_loc": "21",
        "icon": "Water_Elemental_Icon.png"
    },
    {
        "class": "Conjurer",
        "set": "07",
        "rank": "1",
        "region": "North Shroud",
        "area": "Peacegarden",
        "enemy": "Midge Swarm",
        "num": "3",
        "x_loc": "26",
        "y_loc": "21",
        "icon": "Beetle_Icon.png"
    },
    {
        "class": "Conjurer",
        "set": "08",
        "rank": "1",
        "region": "North Shroud",
        "area": "Peacegarden",
        "enemy": "Microchu",
        "num": "3",
        "x_loc": "26",
        "y_loc": "22",
        "icon": "Beetle_Icon.png"
    },
    {
        "class": "Conjurer",
        "set": "09",
        "rank": "1",
        "region": "Central Shroud",
        "area": "Greentear",
        "enemy": "Syrphid Swarm",
        "num": "3",
        "x_loc": "25",
        "y_loc": "25",
        "icon": "Beetle_Icon.png"
    },
    {
        "class": "Conjurer",
        "set": "10",
        "rank": "1",
        "region": "East Shroud",
        "area": "The Honey Yard",
        "enemy": "Northern Vulture",
        "num": "3",
        "x_loc": "14",
        "y_loc": "27",
        "icon": "Vulture_Icon.png"
    },
    {
        "class": "Conjurer",
        "set": "11",
        "rank": "2",
        "region": "East Shroud",
        "area": "The Honey Yard",
        "enemy": "Tree Slug",
        "num": "3",
        "x_loc": "13",
        "y_loc": "27",
        "icon": "Slug_Icon.png"
    },
    {
        "class": "Conjurer",
        "set": "12",
        "rank": "2",
        "region": "Central Shroud",
        "area": "Bentbranch",
        "enemy": "Arbor Buzzard",
        "num": "3",
        "x_loc": "26",
        "y_loc": "29",
        "icon": "Beetle_Icon.png"
    },
    {
        "class": "Conjurer",
        "set": "12",
        "rank": "2",
        "region": "East Shroud",
        "area": "The Honey Yard",
        "enemy": "Goblin Hunter",
        "num": "2",
        "x_loc": "13",
        "y_loc": "27",
        "icon": "Beetle_Icon.png"
    },
    {
        "class": "Conjurer",
        "set": "13",
        "rank": "2",
        "region": "Central Shroud",
        "area": "Bentbranch",
        "enemy": "Firefly",
        "num": "3",
        "x_loc": "19",
        "y_loc": "27",
        "icon": "Firefly_Icon.png"
    },
    {
        "class": "Conjurer",
        "set": "14",
        "rank": "2",
        "region": "East Shroud",
        "area": "The Honey Yard",
        "enemy": "Mandragora",
        "num": "3",
        "x_loc": "14",
        "y_loc": "26",
        "icon": "Mandragora_Icon.png"
    },
    {
        "class": "Conjurer",
        "set": "15",
        "rank": "2",
        "region": "East Shroud",
        "area": "Nine Ivies",
        "enemy": "Boring Weevil",
        "num": "3",
        "x_loc": "20",
        "y_loc": "28",
        "icon": "Beetle_Icon.png"
    },
    {
        "class": "Conjurer",
        "set": "16",
        "rank": "2",
        "region": "East Shroud",
        "area": "Nine Ivies",
        "enemy": "Faerie Funguar",
        "num": "3",
        "x_loc": "19",
        "y_loc": "28",
        "icon": "Funguar_Icon.png"
    },
    {
        "class": "Conjurer",
        "set": "17",
        "rank": "2",
        "region": "East Shroud",
        "area": "Nine Ivies",
        "enemy": "Giant Gnat",
        "num": "3",
        "x_loc": "19",
        "y_loc": "25",
        "icon": "Gnat_Icon.png"
    },
    {
        "class": "Conjurer",
        "set": "18",
        "rank": "2",
        "region": "East Shroud",
        "area": "Nine Ivies",
        "enemy": "Wolf Poacher",
        "num": "3",
        "x_loc": "19",
        "y_loc": "30",
        "icon": "Miqo%27te_Icon.png"
    },
    {
        "class": "Conjurer",
        "set": "19",
        "rank": "2",
        "region": "South Shroud",
        "area": "Upper Paths",
        "enemy": "Qiqirn Beater",
        "num": "3",
        "x_loc": "15",
        "y_loc": "17",
        "icon": "Qiqirn_Icon.png"
    },
    {
        "class": "Conjurer",
        "set": "20",
        "rank": "2",
        "region": "East Shroud",
        "area": "The Bramble Patch",
        "enemy": "Black Bat",
        "num": "3",
        "x_loc": "16",
        "y_loc": "21",
        "icon": "Bat_Icon.png"
    },
    {
        "class": "Conjurer",
        "set": "21",
        "rank": "3",
        "region": "Upper La Noscea",
        "area": "Oakwood",
        "enemy": "Stoneshell",
        "num": "3",
        "x_loc": "13",
        "y_loc": "24",
        "icon": "Crab_Icon.png"
    },
    {
        "class": "Conjurer",
        "set": "22",
        "rank": "3",
        "region": "East Shroud",
        "area": "The Bramble Patch",
        "enemy": "Diseased Treant",
        "num": "3",
        "x_loc": "16",
        "y_loc": "23",
        "icon": "Treant_Icon.png"
    },
    {
        "class": "Conjurer",
        "set": "22",
        "rank": "3",
        "region": "Western Thanalan",
        "area": "The Footfalls",
        "enemy": "Lead Coblyn",
        "num": "2",
        "x_loc": "13",
        "y_loc": "10",
        "icon": "Treant_Icon.png"
    },
    {
        "class": "Conjurer",
        "set": "22",
        "rank": "3",
        "region": "Western Thanalan",
        "area": "The Footfalls",
        "enemy": "Laughing Toad",
        "num": "2",
        "x_loc": "14",
        "y_loc": "7",
        "icon": "Treant_Icon.png"
    },
    {
        "class": "Conjurer",
        "set": "23",
        "rank": "3",
        "region": "South Shroud",
        "area": "Upper Paths",
        "enemy": "Bark Eft",
        "num": "3",
        "x_loc": "17",
        "y_loc": "24",
        "icon": "Eft_Icon.png"
    },
    {
        "class": "Conjurer",
        "set": "24",
        "rank": "3",
        "region": "East Shroud",
        "area": "The Bramble Patch",
        "enemy": "Glowfly",
        "num": "3",
        "x_loc": "15",
        "y_loc": "20",
        "icon": "Firefly_Icon.png"
    },
    {
        "class": "Conjurer",
        "set": "25",
        "rank": "3",
        "region": "South Shroud",
        "area": "Silent Arbor",
        "enemy": "Antelope Stag",
        "num": "3",
        "x_loc": "22",
        "y_loc": "19",
        "icon": "Antelope_Icon.png"
    },
    {
        "class": "Conjurer",
        "set": "26",
        "rank": "3",
        "region": "Southern Thanalan",
        "area": "Broken Water",
        "enemy": "Sabotender",
        "num": "3",
        "x_loc": "15",
        "y_loc": "14",
        "icon": "Cactuar_Icon.png"
    },
    {
        "class": "Conjurer",
        "set": "27",
        "rank": "3",
        "region": "Eastern Thanalan",
        "area": "Wellwick Wood",
        "enemy": "Qiqirn Roerunner",
        "num": "3",
        "x_loc": "23",
        "y_loc": "23",
        "icon": "Qiqirn_Icon.png"
    },
    {
        "class": "Conjurer",
        "set": "28",
        "rank": "3",
        "region": "South Shroud",
        "area": "Silent Arbor",
        "enemy": "Goblin Thug",
        "num": "3",
        "x_loc": "27",
        "y_loc": "20",
        "icon": "Goblin_Icon.png"
    },
    {
        "class": "Conjurer",
        "set": "29",
        "rank": "3",
        "region": "Central Shroud",
        "area": "Sorrel Haven",
        "enemy": "Toadstool",
        "num": "3",
        "x_loc": "14",
        "y_loc": "17",
        "icon": "Beetle_Icon.png"
    },
    {
        "class": "Conjurer",
        "set": "30",
        "rank": "3",
        "region": "Eastern La Noscea",
        "area": "Bloodshore",
        "enemy": "Apkallu",
        "num": "3",
        "x_loc": "28",
        "y_loc": "35",
        "icon": "Apkallu_Icon.png"
    },
    {
        "class": "Conjurer",
        "set": "31",
        "rank": "4",
        "region": "Central Shroud",
        "area": "Sorrel Haven",
        "enemy": "Lindwurm",
        "num": "4",
        "x_loc": "12",
        "y_loc": "20",
        "icon": "Beetle_Icon.png"
    },
    {
        "class": "Conjurer",
        "set": "32",
        "rank": "4",
        "region": "South Shroud",
        "area": "Lower Paths",
        "enemy": "Bigmouth Orobon",
        "num": "4",
        "x_loc": "18",
        "y_loc": "30",
        "icon": "Orobon_Icon.png"
    },
    {
        "class": "Conjurer",
        "set": "32",
        "rank": "4",
        "region": "Upper La Noscea",
        "area": "Bronze Lake",
        "enemy": "Mamool Ja Infiltrator",
        "num": "2",
        "x_loc": "28",
        "y_loc": "25",
        "icon": "Orobon_Icon.png"
    },
    {
        "class": "Conjurer",
        "set": "32",
        "rank": "4",
        "region": "Eastern La Noscea",
        "area": "Raincatcher Gully",
        "enemy": "Gigantoad",
        "num": "2",
        "x_loc": "18",
        "y_loc": "26",
        "icon": "Orobon_Icon.png"
    },
    {
        "class": "Conjurer",
        "set": "32",
        "rank": "4",
        "region": "Southern Thanalan",
        "area": "Sagolii Desert",
        "enemy": "Sandworm",
        "num": "1",
        "x_loc": "22",
        "y_loc": "34",
        "icon": "Orobon_Icon.png"
    },
    {
        "class": "Conjurer",
        "set": "33",
        "rank": "4",
        "region": "Central Shroud",
        "area": "Sorrel Haven",
        "enemy": "Revenant",
        "num": "4",
        "x_loc": "12",
        "y_loc": "20",
        "icon": "Beetle_Icon.png"
    },
    {
        "class": "Conjurer",
        "set": "34",
        "rank": "4",
        "region": "Eastern La Noscea",
        "area": "Bloodshore",
        "enemy": "Bloodshore Bell",
        "num": "4",
        "x_loc": "31",
        "y_loc": "26",
        "icon": "Beetle_Icon.png"
    },
    {
        "class": "Conjurer",
        "set": "35",
        "rank": "4",
        "region": "Coerthas Central Highlands",
        "area": "Dragonhead",
        "enemy": "Ornery Karakul",
        "num": "4",
        "x_loc": "25",
        "y_loc": "19",
        "icon": "Sheep_Icon.png"
    },
    {
        "class": "Conjurer",
        "set": "36",
        "rank": "4",
        "region": "South Shroud",
        "area": "Snakemolt",
        "enemy": "Deepvoid Deathmouse",
        "num": "4",
        "x_loc": "25",
        "y_loc": "21",
        "icon": "Beetle_Icon.png"
    },
    {
        "class": "Conjurer",
        "set": "37",
        "rank": "4",
        "region": "North Shroud",
        "area": "Eugenia's Spire",
        "enemy": "Dryad",
        "num": "4",
        "x_loc": "22",
        "y_loc": "23",
        "icon": "Beetle_Icon.png"
    },
    {
        "class": "Conjurer",
        "set": "38",
        "rank": "4",
        "region": "Coerthas Central Highlands",
        "area": "Providence Point",
        "enemy": "Downy Aevis",
        "num": "4",
        "x_loc": "26",
        "y_loc": "10",
        "icon": "Aevis_Icon.png"
    },
    {
        "class": "Conjurer",
        "set": "39",
        "rank": "4",
        "region": "South Shroud",
        "area": "Snakemolt",
        "enemy": "Will-o'-the-Wisp",
        "num": "4",
        "x_loc": "22",
        "y_loc": "25",
        "icon": "Wisp_Icon.png"
    },
    {
        "class": "Conjurer",
        "set": "40",
        "rank": "4",
        "region": "Coerthas Central Highlands",
        "area": "Whitebrim",
        "enemy": "Dragonfly",
        "num": "4",
        "x_loc": "9",
        "y_loc": "14",
        "icon": "Dragonfly_Icon.png"
    },
    {
        "class": "Conjurer",
        "set": "41",
        "rank": "5",
        "region": "Eastern Thanalan",
        "area": "The Burning Wall",
        "enemy": "Golden Fleece",
        "num": "4",
        "x_loc": "26",
        "y_loc": "25",
        "icon": "Beetle_Icon.png"
    },
    {
        "class": "Conjurer",
        "set": "42",
        "rank": "5",
        "region": "Outer La Noscea",
        "area": "Iron Lake",
        "enemy": "Grenade",
        "num": "4",
        "x_loc": "22",
        "y_loc": "13",
        "icon": "Beetle_Icon.png"
    },
    {
        "class": "Conjurer",
        "set": "42",
        "rank": "5",
        "region": "Coerthas Central Highlands",
        "area": "Whitebrim",
        "enemy": "Hippocerf",
        "num": "2",
        "x_loc": "10",
        "y_loc": "18",
        "icon": "Beetle_Icon.png"
    },
    {
        "class": "Conjurer",
        "set": "42",
        "rank": "5",
        "region": "Western La Noscea",
        "area": "The Isles of Umbra",
        "enemy": "Lammergeyer",
        "num": "2",
        "x_loc": "12",
        "y_loc": "36",
        "icon": "Beetle_Icon.png"
    },
    {
        "class": "Conjurer",
        "set": "42",
        "rank": "5",
        "region": "Western La Noscea",
        "area": "The Ship Graveyard",
        "enemy": "Dead Man's Moan",
        "num": "1",
        "x_loc": "15",
        "y_loc": "34",
        "icon": "Beetle_Icon.png"
    },
    {
        "class": "Conjurer",
        "set": "43",
        "rank": "5",
        "region": "East Shroud",
        "area": "Larkscall",
        "enemy": "3rd Cohort Hoplomachus",
        "num": "2",
        "x_loc": "29",
        "y_loc": "20",
        "icon": "Imperial_Icon.png"
    },
    {
        "class": "Conjurer",
        "set": "44",
        "rank": "5",
        "region": "South Shroud",
        "area": "Urth's Gift",
        "enemy": "Lesser Kalong",
        "num": "4",
        "x_loc": "28",
        "y_loc": "22",
        "icon": "Beetle_Icon.png"
    },
    {
        "class": "Conjurer",
        "set": "45",
        "rank": "5",
        "region": "Coerthas Central Highlands",
        "area": "Boulder Downs",
        "enemy": "Snow Wolf",
        "num": "4",
        "x_loc": "16",
        "y_loc": "32",
        "icon": "Beetle_Icon.png"
    },
    {
        "class": "Conjurer",
        "set": "46",
        "rank": "5",
        "region": "Mor Dhona",
        "area": "Castrum Centri",
        "enemy": "5th Cohort Eques",
        "num": "4",
        "x_loc": "12",
        "y_loc": "17",
        "icon": "Imperial_Icon.png"
    },
    {
        "class": "Conjurer",
        "set": "47",
        "rank": "5",
        "region": "Western La Noscea",
        "area": "Sahagin Landbase",
        "enemy": "Sea Wasp",
        "num": "4",
        "x_loc": "14",
        "y_loc": "17",
        "icon": "Beetle_Icon.png"
    },
    {
        "class": "Conjurer",
        "set": "48",
        "rank": "5",
        "region": "East Shroud",
        "area": "Sylphlands",
        "enemy": "Sylph Bonnet",
        "num": "4",
        "x_loc": "26",
        "y_loc": "13",
        "icon": "Beetle_Icon.png"
    },
    {
        "class": "Conjurer",
        "set": "49",
        "rank": "5",
        "region": "Northern Thanalan",
        "area": "Bluefog",
        "enemy": "Ahriman",
        "num": "4",
        "x_loc": "24",
        "y_loc": "20",
        "icon": "Ahriman_Icon.png"
    },
    {
        "class": "Conjurer",
        "set": "50",
        "rank": "5",
        "region": "Eastern La Noscea",
        "area": "Castrum Occidens",
        "enemy": "2nd Cohort Vanguard",
        "num": "4",
        "x_loc": "27",
        "y_loc": "21",
        "icon": "Beetle_Icon.png"
    }
]