[
    {
        "class": "Gladiator",
        "set": "01",
        "rank": "1",
        "region": "Western Thanalan",
        "area": "The Eighty Sins of Sasamo",
        "enemy": "Little Ladybug",
        "num": "3",
        "x_loc": "27",
        "y_loc": "24",
        "icon": "Ladybug_Icon.png"
    },
    {
        "class": "Gladiator",
        "set": "03",
        "rank": "1",
        "region": "Western Thanalan",
        "area": "The Eighty Sins of Sasamo",
        "enemy": "Cactuar",
        "num": "3",
        "x_loc": "27",
        "y_loc": "24",
        "icon": "Cactuar_Icon.png"
    },
    {
        "class": "Gladiator",
        "set": "05",
        "rank": "1",
        "region": "Western Thanalan",
        "area": "Hammerlea",
        "enemy": "Hammer Beak",
        "num": "3",
        "x_loc": "26",
        "y_loc": "22",
        "icon": "Beetle_Icon.png"
    },
    {
        "class": "Gladiator",
        "set": "07",
        "rank": "1",
        "region": "Western Thanalan",
        "area": "Hammerlea",
        "enemy": "Earth Sprite",
        "num": "3",
        "x_loc": "22",
        "y_loc": "27",
        "icon": "Earth_Elemental_Icon.png"
    },
    {
        "class": "Gladiator",
        "set": "10",
        "rank": "1",
        "region": "Western Thanalan",
        "area": "Horizon's Edge",
        "enemy": "Dusty Mongrel",
        "num": "3",
        "x_loc": "22",
        "y_loc": "21",
        "icon": "Antling_Icon.png"
    },
    {
        "class": "Gladiator",
        "set": "02",
        "rank": "1",
        "region": "Central Thanalan",
        "area": "Spineless Basin",
        "enemy": "Star Marmot",
        "num": "3",
        "x_loc": "20",
        "y_loc": "27",
        "icon": "Beetle_Icon.png"
    },
    {
        "class": "Gladiator",
        "set": "04",
        "rank": "1",
        "region": "Central Thanalan",
        "area": "Spineless Basin",
        "enemy": "Snapping Shrew",
        "num": "3",
        "x_loc": "25",
        "y_loc": "31",
        "icon": "Mole_Icon.png"
    },
    {
        "class": "Gladiator",
        "set": "06",
        "rank": "1",
        "region": "Central Thanalan",
        "area": "Black Brush",
        "enemy": "Antling Worker",
        "num": "3",
        "x_loc": "17",
        "y_loc": "15",
        "icon": "Antling_Icon.png"
    },
    {
        "class": "Gladiator",
        "set": "08",
        "rank": "1",
        "region": "Central Thanalan",
        "area": "Black Brush",
        "enemy": "Spriggan Graverobber",
        "num": "3",
        "x_loc": "16",
        "y_loc": "23",
        "icon": "Spriggan_Icon.png"
    },
    {
        "class": "Gladiator",
        "set": "09",
        "rank": "1",
        "region": "Central Thanalan",
        "area": "Black Brush",
        "enemy": "Qiqirn Shellsweeper",
        "num": "3",
        "x_loc": "17",
        "y_loc": "19",
        "icon": "Qiqirn_Icon.png"
    },
    {
        "class": "Gladiator",
        "set": "10",
        "rank": "1",
        "region": "Central Thanalan",
        "area": "The Clutch",
        "enemy": "Antling Soldier",
        "num": "3",
        "x_loc": "23",
        "y_loc": "19",
        "icon": "Antling_Icon.png"
    },
    {
        "class": "Gladiator",
        "set": "11",
        "rank": "2",
        "region": "Western Thanalan",
        "area": "Horizon's Edge",
        "enemy": "Bomb",
        "num": "3",
        "x_loc": "27",
        "y_loc": "17",
        "icon": "Bomb_Icon.png"
    },
    {
        "class": "Gladiator",
        "set": "11",
        "rank": "2",
        "region": "Western Thanalan",
        "area": "Horizon's Edge",
        "enemy": "Copper Coblyn",
        "num": "3",
        "x_loc": "27",
        "y_loc": "17",
        "icon": "Bomb_Icon.png"
    },
    {
        "class": "Gladiator",
        "set": "14",
        "rank": "2",
        "region": "Western Thanalan",
        "area": "The Eighty Sins of Sasamo",
        "enemy": "Giant Tortoise ",
        "num": "3",
        "x_loc": "26",
        "y_loc": "23",
        "icon": "Adamantoise_Icon.png"
    },
    {
        "class": "Gladiator",
        "set": "15",
        "rank": "2",
        "region": "Western Thanalan",
        "area": "The Footfalls",
        "enemy": "Thickshell",
        "num": "3",
        "x_loc": "16",
        "y_loc": "16",
        "icon": "Crab_Icon.png"
    },
    {
        "class": "Gladiator",
        "set": "16",
        "rank": "2",
        "region": "Western Thanalan",
        "area": "The Footfalls",
        "enemy": "Scaphite",
        "num": "3",
        "x_loc": "17",
        "y_loc": "14",
        "icon": "Uragnite_Icon.png"
    },
    {
        "class": "Gladiator",
        "set": "20",
        "rank": "2",
        "region": "Western Thanalan",
        "area": "The Footfalls",
        "enemy": "Bloated Bogy",
        "num": "3",
        "x_loc": "13",
        "y_loc": "11",
        "icon": "Fomor_Icon.png"
    },
    {
        "class": "Gladiator",
        "set": "12",
        "rank": "2",
        "region": "Central Thanalan",
        "area": "The Clutch",
        "enemy": "Cochineal Cactuar",
        "num": "3",
        "x_loc": "24",
        "y_loc": "19",
        "icon": "Cactuar_Icon.png"
    },
    {
        "class": "Gladiator",
        "set": "13",
        "rank": "2",
        "region": "Central Thanalan",
        "area": "The Clutch",
        "enemy": "Quiveron Guard",
        "num": "3",
        "x_loc": "24",
        "y_loc": "21",
        "icon": "Lalafell_Icon.png"
    },
    {
        "class": "Gladiator",
        "set": "17",
        "rank": "2",
        "region": "Eastern Thanalan",
        "area": "Sandgate",
        "enemy": "Tuco Tuco",
        "num": "3",
        "x_loc": "11",
        "y_loc": "19",
        "icon": "Mole_Icon.png"
    },
    {
        "class": "Gladiator",
        "set": "18",
        "rank": "2",
        "region": "Eastern Thanalan",
        "area": "Drybone",
        "enemy": "Myotragus Billy",
        "num": "3",
        "x_loc": "18",
        "y_loc": "24",
        "icon": "Aldgoat_Icon.png"
    },
    {
        "class": "Gladiator",
        "set": "19",
        "rank": "2",
        "region": "Eastern Thanalan",
        "area": "Drybone",
        "enemy": "Vandalous Imp",
        "num": "3",
        "x_loc": "14",
        "y_loc": "18",
        "icon": "Imp_Icon.png"
    },
    {
        "class": "Gladiator",
        "set": "20",
        "rank": "2",
        "region": "Eastern Thanalan",
        "area": "Drybone",
        "enemy": "Rotting Noble",
        "num": "3",
        "x_loc": "14",
        "y_loc": "16",
        "icon": "Fomor_Icon.png"
    },
    {
        "class": "Gladiator",
        "set": "21",
        "rank": "3",
        "region": "Upper La Noscea",
        "area": "Oakwood",
        "enemy": "Stoneshell",
        "num": "4",
        "x_loc": "14",
        "y_loc": "24",
        "icon": "Crab_Icon.png"
    },
    {
        "class": "Gladiator",
        "set": "24",
        "rank": "3",
        "region": "Upper La Noscea",
        "area": "Fool Falls",
        "enemy": "Coeurl Pup",
        "num": "4",
        "x_loc": "9",
        "y_loc": "20",
        "icon": "Coeurl_Icon.png"
    },
    {
        "class": "Gladiator",
        "set": "30",
        "rank": "3",
        "region": "Outer La Noscea",
        "area": "The Long Climb",
        "enemy": "Pteroc",
        "num": "3",
        "x_loc": "15",
        "y_loc": "18",
        "icon": "Apkallu_Icon.png"
    },
    {
        "class": "Gladiator",
        "set": "30",
        "rank": "3",
        "region": "Eastern La Noscea",
        "area": "Bloodshore",
        "enemy": "Apkallu",
        "num": "4",
        "x_loc": "28",
        "y_loc": "36",
        "icon": "Apkallu_Icon.png"
    },
    {
        "class": "Gladiator",
        "set": "27",
        "rank": "3",
        "region": "Eastern Thanalan",
        "area": "Wellwick Wood",
        "enemy": "Qiqirn Roerunner",
        "num": "4",
        "x_loc": "24",
        "y_loc": "23",
        "icon": "Qiqirn_Icon.png"
    },
    {
        "class": "Gladiator",
        "set": "22",
        "rank": "3",
        "region": "Western Thanalan",
        "area": "The Footfalls",
        "enemy": "Lead Coblyn",
        "num": "4",
        "x_loc": "13",
        "y_loc": "10",
        "icon": "Coblyn_Icon.png"
    },
    {
        "class": "Gladiator",
        "set": "26",
        "rank": "3",
        "region": "Southern Thanalan",
        "area": "Broken Water",
        "enemy": "Sabotender",
        "num": "4",
        "x_loc": "14",
        "y_loc": "13",
        "icon": "Cactuar_Icon.png"
    },
    {
        "class": "Gladiator",
        "set": "21",
        "rank": "3",
        "region": "South Shroud",
        "area": "Upper Paths",
        "enemy": "Kedtrap",
        "num": "3",
        "x_loc": "21",
        "y_loc": "20",
        "icon": "Crab_Icon.png"
    },
    {
        "class": "Gladiator",
        "set": "23",
        "rank": "3",
        "region": "South Shroad",
        "area": "Upper Paths",
        "enemy": "Overgrown Offering",
        "num": "4",
        "x_loc": "18",
        "y_loc": "19",
        "icon": "Ochu_Icon.png"
    },
    {
        "class": "Gladiator",
        "set": "28",
        "rank": "3",
        "region": "South Shroud",
        "area": "Silent Arbor",
        "enemy": "Goblin Thug",
        "num": "4",
        "x_loc": "27",
        "y_loc": "20",
        "icon": "Goblin_Icon.png"
    },
    {
        "class": "Gladiator",
        "set": "29",
        "rank": "3",
        "region": "South Shroud",
        "area": "Silent Arbor",
        "enemy": "Coeurlclaw Cutter",
        "num": "4",
        "x_loc": "28",
        "y_loc": "21",
        "icon": "Miqo%27te_Icon.png"
    },
    {
        "class": "Gladiator",
        "set": "25",
        "rank": "3",
        "region": "North Shroud",
        "area": "Alder Springs",
        "enemy": "Balloon",
        "num": "4",
        "x_loc": "17",
        "y_loc": "26",
        "icon": "Bomb_Icon.png"
    },
    {
        "class": "Gladiator",
        "set": "31",
        "rank": "4",
        "region": "Central Shroud",
        "area": "Haukke Manor (Landmark)",
        "enemy": "Floating Eye",
        "num": "4",
        "x_loc": "10",
        "y_loc": "23",
        "icon": "Beetle_Icon.png"
    },
    {
        "class": "Gladiator",
        "set": "34",
        "rank": "4",
        "region": "Central Shroud",
        "area": "Sorrel Haven",
        "enemy": "Death Gaze",
        "num": "4",
        "x_loc": "16",
        "y_loc": "21",
        "icon": "Death_Gaze_Icon.png"
    },
    {
        "class": "Gladiator",
        "set": "32",
        "rank": "4",
        "region": "South Shroud",
        "area": "Lower Paths",
        "enemy": "Adamantoise",
        "num": "3",
        "x_loc": "17",
        "y_loc": "30",
        "icon": "Uragnite_Icon.png"
    },
    {
        "class": "Gladiator",
        "set": "38",
        "rank": "4",
        "region": "South Shroud",
        "area": "Snakemolt",
        "enemy": "Treant",
        "num": "4",
        "x_loc": "22",
        "y_loc": "23",
        "icon": "Treant_Icon.png"
    },
    {
        "class": "Gladiator",
        "set": "31",
        "rank": "4",
        "region": "Upper La Noscea",
        "area": "Bronze Lake",
        "enemy": "Mamool Ja Sophist",
        "num": "3",
        "x_loc": "27",
        "y_loc": "23",
        "icon": "Beetle_Icon.png"
    },
    {
        "class": "Gladiator",
        "set": "32",
        "rank": "4",
        "region": "Upper La Noscea",
        "area": "Bronze Lake",
        "enemy": "Uragnite",
        "num": "4",
        "x_loc": "29",
        "y_loc": "24",
        "icon": "Uragnite_Icon.png"
    },
    {
        "class": "Gladiator",
        "set": "35",
        "rank": "4",
        "region": "Outer La Noscea",
        "area": "The Long Climb",
        "enemy": "Velociraptor",
        "num": "4",
        "x_loc": "19",
        "y_loc": "15",
        "icon": "Raptor_Icon.png"
    },
    {
        "class": "Gladiator",
        "set": "40",
        "rank": "4",
        "region": "Outer La Noscea",
        "area": "Iron Lake",
        "enemy": "Grenade",
        "num": "3",
        "x_loc": "22",
        "y_loc": "13",
        "icon": "Hippogryph_Icon.png"
    },
    {
        "class": "Gladiator",
        "set": "33",
        "rank": "4",
        "region": "Southern Thanalan",
        "area": "Sagolii Desert",
        "enemy": "Sandworm",
        "num": "4",
        "x_loc": "17",
        "y_loc": "33",
        "icon": "Sandworm_Icon.png"
    },
    {
        "class": "Gladiator",
        "set": "36",
        "rank": "4",
        "region": "Southern Thanalan",
        "area": "Sagolii Desert",
        "enemy": "Fallen Wizard",
        "num": "4",
        "x_loc": "20",
        "y_loc": "37",
        "icon": "Fomor_Icon.png"
    },
    {
        "class": "Gladiator",
        "set": "37",
        "rank": "4",
        "region": "Coerthas Central Highlands",
        "area": "Dragonhead",
        "enemy": "Snow Wolf Pup",
        "num": "4",
        "x_loc": "21",
        "y_loc": "29",
        "icon": "Wolf_Icon.png"
    },
    {
        "class": "Gladiator",
        "set": "39",
        "rank": "4",
        "region": "Coerthas Central Highlands",
        "area": "Dragonhead",
        "enemy": "Vodoriga",
        "num": "4",
        "x_loc": "27",
        "y_loc": "14",
        "icon": "Vodoriga_Icon.png"
    },
    {
        "class": "Gladiator",
        "set": "40",
        "rank": "4",
        "region": "Coerthas Central Highlands",
        "area": "Whitebrim",
        "enemy": "Hippocerf",
        "num": "4",
        "x_loc": "8",
        "y_loc": "20",
        "icon": "Hippogryph_Icon.png"
    },
    {
        "class": "Gladiator",
        "set": "41",
        "rank": "5",
        "region": "Western La Noscea",
        "area": "The Isles of Umbra",
        "enemy": "Preying Mantis",
        "num": "5",
        "x_loc": "15",
        "y_loc": "34",
        "icon": "Beetle_Icon.png"
    },
    {
        "class": "Gladiator",
        "set": "41",
        "rank": "5",
        "region": "Western La Noscea",
        "area": "The Isles of Umbra",
        "enemy": "Lammergeyer",
        "num": "2",
        "x_loc": "12",
        "y_loc": "36",
        "icon": "Beetle_Icon.png"
    },
    {
        "class": "Gladiator",
        "set": "43",
        "rank": "5",
        "region": "Western La Noscea",
        "area": "The Isles of Umbra",
        "enemy": "Dead Man's Moan",
        "num": "5",
        "x_loc": "12",
        "y_loc": "36",
        "icon": "Wight_Icon.png"
    },
    {
        "class": "Gladiator",
        "set": "50",
        "rank": "5",
        "region": "Eastern La Noscea",
        "area": "Agelyss Wise",
        "enemy": "2nd Cohort Hoplomachus",
        "num": "5",
        "x_loc": "25",
        "y_loc": "21",
        "icon": "Imperial_Icon.png"
    },
    {
        "class": "Gladiator",
        "set": "42",
        "rank": "5",
        "region": "East Shroud",
        "area": "Larkscall",
        "enemy": "Old Growth Treant",
        "num": "5",
        "x_loc": "26",
        "y_loc": "20",
        "icon": "Treant_Icon.png"
    },
    {
        "class": "Gladiator",
        "set": "42",
        "rank": "5",
        "region": "East Shroud",
        "area": "Larkscall",
        "enemy": "3rd Cohort Eques",
        "num": "2",
        "x_loc": "29",
        "y_loc": "21",
        "icon": "Treant_Icon.png"
    },
    {
        "class": "Gladiator",
        "set": "43",
        "rank": "5",
        "region": "East Shroud",
        "area": "Larkscall",
        "enemy": "Morbol",
        "num": "2",
        "x_loc": "23",
        "y_loc": "21",
        "icon": "Wight_Icon.png"
    },
    {
        "class": "Gladiator",
        "set": "48",
        "rank": "5",
        "region": "North Shroud",
        "area": "Proud Creek",
        "enemy": "Dullahan",
        "num": "5",
        "x_loc": "22",
        "y_loc": "19",
        "icon": "Dullahan_Icon.png"
    },
    {
        "class": "Gladiator",
        "set": "44",
        "rank": "5",
        "region": "Mor Dhana",
        "area": "Fogfens",
        "enemy": "Mudpuppy",
        "num": "5",
        "x_loc": "13",
        "y_loc": "11",
        "icon": "Beetle_Icon.png"
    },
    {
        "class": "Gladiator",
        "set": "45",
        "rank": "5",
        "region": "Mor Dhana",
        "area": "North Silvertear",
        "enemy": "Lake Cobra",
        "num": "5",
        "x_loc": "27",
        "y_loc": "13",
        "icon": "Serpent_Icon.png"
    },
    {
        "class": "Gladiator",
        "set": "50",
        "rank": "5",
        "region": "Mor Dhana",
        "area": "North Silvertear",
        "enemy": "Gigas Bhikkhu",
        "num": "5",
        "x_loc": "33",
        "y_loc": "15",
        "icon": "Gigas_Icon.png"
    },
    {
        "class": "Gladiator",
        "set": "46",
        "rank": "5",
        "region": "Coerthas Central Highlands",
        "area": "Boulder Downs",
        "enemy": "Giant Lugger",
        "num": "3",
        "x_loc": "13",
        "y_loc": "27",
        "icon": "Giant_Icon.png"
    },
    {
        "class": "Gladiator",
        "set": "47",
        "rank": "5",
        "region": "Southern Thanalan",
        "area": "Zanr'ak",
        "enemy": "Tempered Orator",
        "num": "5",
        "x_loc": "22",
        "y_loc": "19",
        "icon": "Lalafell_Icon.png"
    },
    {
        "class": "Gladiator",
        "set": "49",
        "rank": "5",
        "region": "Northern Thanalan",
        "area": "Bluefog",
        "enemy": "Basilisk",
        "num": "5",
        "x_loc": "25",
        "y_loc": "21",
        "icon": "Beetle_Icon.png"
    }
]