[
    {
        "class": "Immortal Flames",
        "set": "01",
        "rank": "1",
        "region": "Eastern Thanalan",
        "area": "Sandgate",
        "enemy": "Amalj'aa Hunter",
        "num": "3",
        "x_loc": "19",
        "y_loc": "28",
        "icon": "Amalj%27aa_Icon.png"
    },
    {
        "class": "Immortal Flames",
        "set": "02",
        "rank": "1",
        "region": "Eastern Thanalan",
        "area": "Halatali (Dungeon)",
        "enemy": "Doctore",
        "num": "3",
        "x_loc": "14",
        "y_loc": "30",
        "icon": "Dullahan_Icon.png"
    },
    {
        "class": "Immortal Flames",
        "set": "03",
        "rank": "1",
        "region": "Eastern Thanalan",
        "area": "Halatali (Dungeon)",
        "enemy": "Firemane",
        "num": "1",
        "x_loc": "14",
        "y_loc": "30",
        "icon": "Fire_Elemental_Icon.png"
    },
    {
        "class": "Immortal Flames",
        "set": "04",
        "rank": "1",
        "region": "Eastern Thanalan",
        "area": "Halatali (Dungeon)",
        "enemy": "Thunderclap Guivre",
        "num": "1",
        "x_loc": "14",
        "y_loc": "30",
        "icon": "Elemental_Icon.png"
    },
    {
        "class": "Immortal Flames",
        "set": "05",
        "rank": "1",
        "region": "East Shroud",
        "area": "The Bramble Patch",
        "enemy": "Sylvan Sough",
        "num": "3",
        "x_loc": "18",
        "y_loc": "21",
        "icon": "Sylph_Icon.png"
    },
    {
        "class": "Immortal Flames",
        "set": "06",
        "rank": "1",
        "region": "Upper La Noscea",
        "area": "Oakwood",
        "enemy": "Kobold Footman",
        "num": "3",
        "x_loc": "11",
        "y_loc": "22",
        "icon": "Kobold_Icon.png"
    },
    {
        "class": "Immortal Flames",
        "set": "07",
        "rank": "1",
        "region": "Upper La Noscea",
        "area": "Oakwood",
        "enemy": "Kobold Pickman",
        "num": "3",
        "x_loc": "11",
        "y_loc": "22",
        "icon": "Kobold_Icon.png"
    },
    {
        "class": "Immortal Flames",
        "set": "08",
        "rank": "1",
        "region": "Southern Thanalan",
        "area": "Broken Water",
        "enemy": "Amalj'aa Seer",
        "num": "3",
        "x_loc": "20",
        "y_loc": "15",
        "icon": "Amalj%27aa_Icon.png"
    },
    {
        "class": "Immortal Flames",
        "set": "09",
        "rank": "1",
        "region": "North Shroud",
        "area": "Alder Springs",
        "enemy": "Ixali Lightwing",
        "num": "3",
        "x_loc": "22",
        "y_loc": "28",
        "icon": "Ixal_Icon.png"
    },
    {
        "class": "Immortal Flames",
        "set": "10",
        "rank": "1",
        "region": "Coerthas Central Highlands",
        "area": "Dragonhead",
        "enemy": "Ixali Boundwing",
        "num": "1",
        "x_loc": "32",
        "y_loc": "27",
        "icon": "Ixal_Icon.png"
    },
    {
        "class": "Immortal Flames",
        "set": "11",
        "rank": "2",
        "region": "Southern Thanlan",
        "area": "Sagolii Desert",
        "enemy": "Amalj'aa Halberdier",
        "num": "3",
        "x_loc": "25",
        "y_loc": "34",
        "icon": "Amalj%27aa_Icon.png"
    },
    {
        "class": "Immortal Flames",
        "set": "12",
        "rank": "2",
        "region": "Eastern La Noscea",
        "area": "Bloodshore",
        "enemy": "Kobold Missionary",
        "num": "3",
        "x_loc": "28",
        "y_loc": "25",
        "icon": "Kobold_Icon.png"
    },
    {
        "class": "Immortal Flames",
        "set": "13",
        "rank": "2",
        "region": "Upper La Noscea",
        "area": "Bronze Lake",
        "enemy": "Kobold Sidesman",
        "num": "3",
        "x_loc": "26",
        "y_loc": "19",
        "icon": "Kobold_Icon.png"
    },
    {
        "class": "Immortal Flames",
        "set": "14",
        "rank": "2",
        "region": "Central Thanalan",
        "area": "Cutter's Cry (Dungeon)",
        "enemy": "Sand Bat",
        "num": "3",
        "x_loc": "15",
        "y_loc": "14",
        "icon": "Bat_Icon.png"
    },
    {
        "class": "Immortal Flames",
        "set": "15",
        "rank": "2",
        "region": "Central Thanalan",
        "area": "Cutter's Cry (Dungeon)",
        "enemy": "Sabotender Desertor",
        "num": "2",
        "x_loc": "15",
        "y_loc": "14",
        "icon": "Cactuar_Icon.png"
    },
    {
        "class": "Immortal Flames",
        "set": "16",
        "rank": "2",
        "region": "Central Thanalan",
        "area": "Cutter's Cry (Dungeon)",
        "enemy": "Myrmidon Princess",
        "num": "1",
        "x_loc": "15",
        "y_loc": "14",
        "icon": "Antling_Icon.png"
    },
    {
        "class": "Immortal Flames",
        "set": "17",
        "rank": "2",
        "region": "Outer La Noscea",
        "area": "Iron Lake",
        "enemy": "Kobold Quarryman",
        "num": "3",
        "x_loc": "22",
        "y_loc": "14",
        "icon": "Kobold_Icon.png"
    },
    {
        "class": "Immortal Flames",
        "set": "18",
        "rank": "2",
        "region": "East Shroud",
        "area": "Larkscall",
        "enemy": "Sylvan Screech",
        "num": "3",
        "x_loc": "21",
        "y_loc": "21",
        "icon": "Sylph_Icon.png"
    },
    {
        "class": "Immortal Flames",
        "set": "19",
        "rank": "2",
        "region": "Western La Noscea",
        "area": "Halfstone",
        "enemy": "Shelfspine Sahagin",
        "num": "3",
        "x_loc": "19",
        "y_loc": "21",
        "icon": "Sahagin_Icon.png"
    },
    {
        "class": "Immortal Flames",
        "set": "20",
        "rank": "2",
        "region": "Southern Thanalan",
        "area": "Zanr'ak",
        "enemy": "Amalj'aa Archer",
        "num": "3",
        "x_loc": "23",
        "y_loc": "25",
        "icon": "Amalj%27aa_Icon.png"
    },
    {
        "class": "Immortal Flames",
        "set": "21",
        "rank": "3",
        "region": "North Shroud",
        "area": "Proud Creek",
        "enemy": "Ixali Windtalon",
        "num": "3",
        "x_loc": "20",
        "y_loc": "20",
        "icon": "Ixal_Icon.png"
    },
    {
        "class": "Immortal Flames",
        "set": "22",
        "rank": "3",
        "region": "East Shroud",
        "area": "Sylphlands",
        "enemy": "Sylpheed Sigh",
        "num": "3",
        "x_loc": "26",
        "y_loc": "19",
        "icon": "Sylph_Icon.png"
    },
    {
        "class": "Immortal Flames",
        "set": "23",
        "rank": "3",
        "region": "Outer La Noscea",
        "area": "U'Ghamaro Mines",
        "enemy": "U'Ghamaro Priest",
        "num": "3",
        "x_loc": "23",
        "y_loc": "8",
        "icon": "Kobold_Icon.png"
    },
    {
        "class": "Immortal Flames",
        "set": "24",
        "rank": "3",
        "region": "Western La Noscea",
        "area": "Sapsa Spawning Grounds",
        "enemy": "Sapsa Shelfspine",
        "num": "3",
        "x_loc": "16",
        "y_loc": "18",
        "icon": "Sahagin_Icon.png"
    },
    {
        "class": "Immortal Flames",
        "set": "25",
        "rank": "3",
        "region": "Southern Thanalan",
        "area": "Zahar'ak",
        "enemy": "Zahar'ak Thaumaturge",
        "num": "3",
        "x_loc": "32",
        "y_loc": "18",
        "icon": "Amalj%27aa_Icon.png"
    },
    {
        "class": "Immortal Flames",
        "set": "26",
        "rank": "3",
        "region": "Coerthas Central Highlands",
        "area": "Natalan",
        "enemy": "Natalan Windtalon",
        "num": "4",
        "x_loc": "31",
        "y_loc": "17",
        "icon": "Ixal_Icon.png"
    },
    {
        "class": "Immortal Flames",
        "set": "27",
        "rank": "3",
        "region": "Coerthas Central Highlands",
        "area": "Natalan",
        "enemy": "Natalan Boldwing",
        "num": "5",
        "x_loc": "31",
        "y_loc": "17",
        "icon": "Ixal_Icon.png"
    },
    {
        "class": "Immortal Flames",
        "set": "28",
        "rank": "3",
        "region": "Upper La Noscea",
        "area": "The Wanderer's Palace (Dungeon)",
        "enemy": "Tonberry",
        "num": "8",
        "x_loc": "26",
        "y_loc": "22",
        "icon": "Tonberry_Icon.png"
    },
    {
        "class": "Immortal Flames",
        "set": "29",
        "rank": "3",
        "region": "Upper La Noscea",
        "area": "The Wanderer's Palace (Dungeon)",
        "enemy": "Corrupted Nymian",
        "num": "3",
        "x_loc": "26",
        "y_loc": "22",
        "icon": "Elemental_Icon.png"
    },
    {
        "class": "Immortal Flames",
        "set": "30",
        "rank": "3",
        "region": "Upper La Noscea",
        "area": "The Wanderer's Palace (Dungeon)",
        "enemy": "Soldier of Nym",
        "num": "3",
        "x_loc": "26",
        "y_loc": "22",
        "icon": "Wight_Icon.png"
    }
]