[
    {
        "class": "Lancer",
        "set": "01",
        "rank": "1",
        "region": "Central Shroud",
        "area": "Jadeite Thick",
        "enemy": "Little Ladybug",
        "num": "3",
        "x_loc": "24",
        "y_loc": "18",
        "icon": "Ladybug_Icon.png"
    },
    {
        "class": "Lancer",
        "set": "02",
        "rank": "1",
        "region": "Central Shoud",
        "area": "Jadeite Thick",
        "enemy": "Ground Squirrel",
        "num": "3",
        "x_loc": "22",
        "y_loc": "17",
        "icon": "Beetle_Icon.png"
    },
    {
        "class": "Lancer",
        "set": "03",
        "rank": "1",
        "region": "Central Shroud",
        "area": "Jadeite Thick",
        "enemy": "Forest Funguar",
        "num": "3",
        "x_loc": "25",
        "y_loc": "19",
        "icon": "Funguar_Icon.png"
    },
    {
        "class": "Lancer",
        "set": "04",
        "rank": "1",
        "region": "North Shroud",
        "area": "Treespeak",
        "enemy": "Miteling",
        "num": "3",
        "x_loc": "26",
        "y_loc": "26",
        "icon": "Beetle_Icon.png"
    },
    {
        "class": "Lancer",
        "set": "05",
        "rank": "1",
        "region": "North Shroud",
        "area": "Peacegarden",
        "enemy": "Opo-opo",
        "num": "3",
        "x_loc": "27",
        "y_loc": "24",
        "icon": "Opo-opo_Icon.png"
    },
    {
        "class": "Lancer",
        "set": "07",
        "rank": "1",
        "region": "Central Shroud",
        "area": "Greentear",
        "enemy": "Black Eft",
        "num": "3",
        "x_loc": "26",
        "y_loc": "20",
        "icon": "Eft_Icon.png"
    },
    {
        "class": "Lancer",
        "set": "07",
        "rank": "1",
        "region": "Central Shroud",
        "area": "Jadeite Thick",
        "enemy": "Bog Yarzon",
        "num": "3",
        "x_loc": "24",
        "y_loc": "24",
        "icon": "Eft_Icon.png"
    },
    {
        "class": "Lancer",
        "set": "08",
        "rank": "1",
        "region": "Central Shroud",
        "area": "Greentear",
        "enemy": "Hoglet",
        "num": "3",
        "x_loc": "30",
        "y_loc": "23",
        "icon": "Boar_Icon.png"
    },
    {
        "class": "Lancer",
        "set": "09",
        "rank": "1",
        "region": "Central Shroud",
        "area": "Greentear",
        "enemy": "Anole",
        "num": "3",
        "x_loc": "31",
        "y_loc": "20",
        "icon": "Beetle_Icon.png"
    },
    {
        "class": "Lancer",
        "set": "09",
        "rank": "1",
        "region": "Central Shroud",
        "area": "Bentbranch",
        "enemy": "Diremite",
        "num": "3",
        "x_loc": "18",
        "y_loc": "19",
        "icon": "Beetle_Icon.png"
    },
    {
        "class": "Lancer",
        "set": "10",
        "rank": "1",
        "region": "East Shroud",
        "area": "The Honey Yard",
        "enemy": "Tree Slug",
        "num": "3",
        "x_loc": "13",
        "y_loc": "26",
        "icon": "Slug_Icon.png"
    },
    {
        "class": "Lancer",
        "set": "06",
        "rank": "1",
        "region": "North Shroud",
        "area": "Peacegarden",
        "enemy": "Microchu",
        "num": "3",
        "x_loc": "27",
        "y_loc": "21",
        "icon": "Beetle_Icon.png"
    },
    {
        "class": "Lancer",
        "set": "11",
        "rank": "2",
        "region": "Central Shroud",
        "area": "Bentbranch",
        "enemy": "Arbor Buzzard",
        "num": "3",
        "x_loc": "25",
        "y_loc": "29",
        "icon": "Beetle_Icon.png"
    },
    {
        "class": "Lancer",
        "set": "12",
        "rank": "2",
        "region": "Central Shroud",
        "area": "Jadeite Thick",
        "enemy": "Treant Sapling",
        "num": "3",
        "x_loc": "22",
        "y_loc": "16",
        "icon": "Treant_Icon.png"
    },
    {
        "class": "Lancer",
        "set": "13",
        "rank": "2",
        "region": "East Shroud",
        "area": "The Honey Yard",
        "enemy": "Mandragora",
        "num": "3",
        "x_loc": "14",
        "y_loc": "25",
        "icon": "Mandragora_Icon.png"
    },
    {
        "class": "Lancer",
        "set": "14",
        "rank": "2",
        "region": "East Shroud",
        "area": "The Honey Yard",
        "enemy": "Wild Hoglet",
        "num": "3",
        "x_loc": "13",
        "y_loc": "23",
        "icon": "Boar_Icon.png"
    },
    {
        "class": "Lancer",
        "set": "15",
        "rank": "2",
        "region": "East Shroud",
        "area": "Nine Ivies",
        "enemy": "Lemur",
        "num": "3",
        "x_loc": "20",
        "y_loc": "27",
        "icon": "Beetle_Icon.png"
    },
    {
        "class": "Lancer",
        "set": "15",
        "rank": "2",
        "region": "East Shroud",
        "area": "Nine Ivies",
        "enemy": "Boring Weevil",
        "num": "3",
        "x_loc": "20",
        "y_loc": "27",
        "icon": "Beetle_Icon.png"
    },
    {
        "class": "Lancer",
        "set": "16",
        "rank": "2",
        "region": "East Shroud",
        "area": "Nine Ivies",
        "enemy": "Faerie Funguar",
        "num": "3",
        "x_loc": "19",
        "y_loc": "28",
        "icon": "Funguar_Icon.png"
    },
    {
        "class": "Lancer",
        "set": "17",
        "rank": "2",
        "region": "East Shroud",
        "area": "Nine Ivies",
        "enemy": "Giant Gnat",
        "num": "3",
        "x_loc": "19",
        "y_loc": "27",
        "icon": "Gnat_Icon.png"
    },
    {
        "class": "Lancer",
        "set": "17",
        "rank": "2",
        "region": "East Shroud",
        "area": "Nine Ivies",
        "enemy": "Boar Poacher",
        "num": "3",
        "x_loc": "19",
        "y_loc": "30",
        "icon": "Gnat_Icon.png"
    },
    {
        "class": "Lancer",
        "set": "18",
        "rank": "2",
        "region": "East Shroud",
        "area": "Nine Ivies",
        "enemy": "Ziz Gorlin",
        "num": "3",
        "x_loc": "20",
        "y_loc": "25",
        "icon": "Beetle_Icon.png"
    },
    {
        "class": "Lancer",
        "set": "19",
        "rank": "2",
        "region": "East Shroud",
        "area": "The Bramble Patch",
        "enemy": "Black Bat",
        "num": "3",
        "x_loc": "17",
        "y_loc": "22",
        "icon": "Qiqirn_Icon.png"
    },
    {
        "class": "Lancer",
        "set": "19",
        "rank": "2",
        "region": "South Shroud",
        "area": "Upper Paths",
        "enemy": "Qiqirn Beater",
        "num": "3",
        "x_loc": "15",
        "y_loc": "17",
        "icon": "Qiqirn_Icon.png"
    },
    {
        "class": "Lancer",
        "set": "20",
        "rank": "2",
        "region": "South Shroud",
        "area": "Upper Paths",
        "enemy": "Antelope Doe",
        "num": "3",
        "x_loc": "18",
        "y_loc": "22",
        "icon": "Antelope_Icon.png"
    },
    {
        "class": "Lancer",
        "set": "21",
        "rank": "3",
        "region": "Upper La Noscea",
        "area": "Oakwood",
        "enemy": "Stoneshell",
        "num": "4",
        "x_loc": "13",
        "y_loc": "24",
        "icon": "Crab_Icon.png"
    },
    {
        "class": "Lancer",
        "set": "22",
        "rank": "3",
        "region": "South Shroud",
        "area": "Upper Paths",
        "enemy": "Smallmouth Orobon",
        "num": "4",
        "x_loc": "16",
        "y_loc": "18",
        "icon": "Orobon_Icon.png"
    },
    {
        "class": "Lancer",
        "set": "23",
        "rank": "3",
        "region": "North Shroud",
        "area": "The Footfalls",
        "enemy": "Yarzon Scavenger",
        "num": "4",
        "x_loc": "20",
        "y_loc": "31",
        "icon": "Yarzon_Icon.png"
    },
    {
        "class": "Lancer",
        "set": "24",
        "rank": "3",
        "region": "South Shroud",
        "area": "Upper Paths",
        "enemy": "Redbelly Lookout",
        "num": "4",
        "x_loc": "24",
        "y_loc": "18",
        "icon": "Beetle_Icon.png"
    },
    {
        "class": "Lancer",
        "set": "25",
        "rank": "3",
        "region": "South Shroud",
        "area": "Silend Arbor",
        "enemy": "Antelope Stag",
        "num": "4",
        "x_loc": "26",
        "y_loc": "18",
        "icon": "Giant_Icon.png"
    },
    {
        "class": "Lancer",
        "set": "25",
        "rank": "3",
        "region": "Western Thanalan",
        "area": "The Footfalls",
        "enemy": "Moondrip Piledriver",
        "num": "3",
        "x_loc": "16",
        "y_loc": "7",
        "icon": "Giant_Icon.png"
    },
    {
        "class": "Lancer",
        "set": "26",
        "rank": "3",
        "region": "Southern Thanalan",
        "area": "Broken Water",
        "enemy": "Sabotender",
        "num": "4",
        "x_loc": "14",
        "y_loc": "14",
        "icon": "Cactuar_Icon.png"
    },
    {
        "class": "Lancer",
        "set": "27",
        "rank": "3",
        "region": "South Shroud",
        "area": "Silent Arbor",
        "enemy": "Goblin Thug",
        "num": "3",
        "x_loc": "27",
        "y_loc": "20",
        "icon": "Peiste_Icon.png"
    },
    {
        "class": "Lancer",
        "set": "27",
        "rank": "3",
        "region": "Southern Thanalan",
        "area": "Broken Water",
        "enemy": "Sandskin Peiste",
        "num": "4",
        "x_loc": "19",
        "y_loc": "10",
        "icon": "Peiste_Icon.png"
    },
    {
        "class": "Lancer",
        "set": "28",
        "rank": "3",
        "region": "Southern Thanalan",
        "area": "Broken Water",
        "enemy": "Corpse Brigade Firedancer",
        "num": "4",
        "x_loc": "24",
        "y_loc": "9",
        "icon": "Hyur_Icon.png"
    },
    {
        "class": "Lancer",
        "set": "29",
        "rank": "3",
        "region": "South Shroud",
        "area": "Silent Arbor",
        "enemy": "Coeurlclaw Poacher",
        "num": "4",
        "x_loc": "14",
        "y_loc": "33",
        "icon": "Miqo%27te_Icon.png"
    },
    {
        "class": "Lancer",
        "set": "29",
        "rank": "3",
        "region": "Eastern La Noscea",
        "area": "Bloodshore",
        "enemy": "Apkallu",
        "num": "3",
        "x_loc": "28",
        "y_loc": "35",
        "icon": "Miqo%27te_Icon.png"
    },
    {
        "class": "Lancer",
        "set": "30",
        "rank": "3",
        "region": "South Shroud",
        "area": "Lower Paths",
        "enemy": "Midland Condor",
        "num": "4",
        "x_loc": "17",
        "y_loc": "26",
        "icon": "Vulture_Icon.png"
    },
    {
        "class": "Lancer",
        "set": "31",
        "rank": "4",
        "region": "Central Shroud",
        "area": "Sorrel Haven",
        "enemy": "Floating Eye",
        "num": "4",
        "x_loc": "10",
        "y_loc": "23",
        "icon": "Beetle_Icon.png"
    },
    {
        "class": "Lancer",
        "set": "32",
        "rank": "4",
        "region": "Eastern La Noscea",
        "area": "Bloodshore",
        "enemy": "Large Buffalo",
        "num": "4",
        "x_loc": "28",
        "y_loc": "30",
        "icon": "Buffalo_Icon.png"
    },
    {
        "class": "Lancer",
        "set": "33",
        "rank": "4",
        "region": "Southern Thanalan",
        "area": "Sagolii Desert",
        "enemy": "Smoke Bomb",
        "num": "3",
        "x_loc": "19",
        "y_loc": "34",
        "icon": "Drake_Icon.png"
    },
    {
        "class": "Lancer",
        "set": "33",
        "rank": "4",
        "region": "Southern Thanalan",
        "area": "Sagolii Desert",
        "enemy": "Sundrake",
        "num": "4",
        "x_loc": "25",
        "y_loc": "38",
        "icon": "Drake_Icon.png"
    },
    {
        "class": "Lancer",
        "set": "34",
        "rank": "4",
        "region": "Central Shroud",
        "area": "The Standing Corses",
        "enemy": "Spriggan",
        "num": "4",
        "x_loc": "10",
        "y_loc": "16",
        "icon": "Spriggan_Icon.png"
    },
    {
        "class": "Lancer",
        "set": "35",
        "rank": "4",
        "region": "Outer La Noscea",
        "area": "The Long Climb",
        "enemy": "Basalt Golem",
        "num": "3",
        "x_loc": "13",
        "y_loc": "15",
        "icon": "Beetle_Icon.png"
    },
    {
        "class": "Lancer",
        "set": "35",
        "rank": "4",
        "region": "Outer La Noscea",
        "area": "The Long Climb",
        "enemy": "Ringtail",
        "num": "4",
        "x_loc": "15",
        "y_loc": "11",
        "icon": "Beetle_Icon.png"
    },
    {
        "class": "Lancer",
        "set": "36",
        "rank": "4",
        "region": "Coerthas Central Highlands",
        "area": "Dragonhead",
        "enemy": "Ornery Karakul",
        "num": "4",
        "x_loc": "25",
        "y_loc": "19",
        "icon": "Sheep_Icon.png"
    },
    {
        "class": "Lancer",
        "set": "37",
        "rank": "4",
        "region": "South Shroud",
        "area": "Snakemolt",
        "enemy": "Lesser Kalong",
        "num": "3",
        "x_loc": "22",
        "y_loc": "24",
        "icon": "Wolf_Icon.png"
    },
    {
        "class": "Lancer",
        "set": "37",
        "rank": "4",
        "region": "Coerthas Central Highlands",
        "area": "Dragonhead",
        "enemy": "Snow Wolf Pup",
        "num": "4",
        "x_loc": "21",
        "y_loc": "29",
        "icon": "Wolf_Icon.png"
    },
    {
        "class": "Lancer",
        "set": "38",
        "rank": "4",
        "region": "North Shroud",
        "area": "Proud Creek",
        "enemy": "Dryad",
        "num": "4",
        "x_loc": "22",
        "y_loc": "23",
        "icon": "Beetle_Icon.png"
    },
    {
        "class": "Lancer",
        "set": "39",
        "rank": "4",
        "region": "Coerthas Central Highlands",
        "area": "Whitebrim",
        "enemy": "Bateleur",
        "num": "3",
        "x_loc": "17",
        "y_loc": "17",
        "icon": "Aevis_Icon.png"
    },
    {
        "class": "Lancer",
        "set": "39",
        "rank": "4",
        "region": "Coerthas Central Highlands",
        "area": "Providence Point",
        "enemy": "Downy Aevis",
        "num": "4",
        "x_loc": "27",
        "y_loc": "10",
        "icon": "Aevis_Icon.png"
    },
    {
        "class": "Lancer",
        "set": "40",
        "rank": "4",
        "region": "Eastern Thanalan",
        "area": "The Burning Wall",
        "enemy": "Mirrorknight",
        "num": "4",
        "x_loc": "26",
        "y_loc": "24",
        "icon": "Mirrorknight_Icon.png"
    },
    {
        "class": "Lancer",
        "set": "41",
        "rank": "5",
        "region": "Coerthas Central Highlands",
        "area": "Whitebrim",
        "enemy": "Dragonfly",
        "num": "5",
        "x_loc": "9",
        "y_loc": "14",
        "icon": "Dragonfly_Icon.png"
    },
    {
        "class": "Lancer",
        "set": "41",
        "rank": "5",
        "region": "Coerthas Central Highlands",
        "area": "Whitebrim",
        "enemy": "Baritine Croc",
        "num": "4",
        "x_loc": "3",
        "y_loc": "21",
        "icon": "Dragonfly_Icon.png"
    },
    {
        "class": "Lancer",
        "set": "42",
        "rank": "5",
        "region": "Western La Noscea",
        "area": "The Isles of Umbra",
        "enemy": "Dead Man's Moan",
        "num": "5",
        "x_loc": "15",
        "y_loc": "35",
        "icon": "Wight_Icon.png"
    },
    {
        "class": "Lancer",
        "set": "43",
        "rank": "5",
        "region": "East Shroud",
        "area": "Larkscall",
        "enemy": "3rd Cohort Signifer",
        "num": "2",
        "x_loc": "32",
        "y_loc": "20",
        "icon": "Imperial_Icon.png"
    },
    {
        "class": "Lancer",
        "set": "43",
        "rank": "5",
        "region": "East Shroud",
        "area": "Larkscall",
        "enemy": "Morbol",
        "num": "5",
        "x_loc": "23",
        "y_loc": "21",
        "icon": "Imperial_Icon.png"
    },
    {
        "class": "Lancer",
        "set": "44",
        "rank": "5",
        "region": "South Shroud",
        "area": "Urth's Gift",
        "enemy": "Wild Hog",
        "num": "5",
        "x_loc": "29",
        "y_loc": "24",
        "icon": "Boar_Icon.png"
    },
    {
        "class": "Lancer",
        "set": "45",
        "rank": "5",
        "region": "Mor Dhona",
        "area": "Fogfens",
        "enemy": "Daring Harrier",
        "num": "4",
        "x_loc": "16",
        "y_loc": "15",
        "icon": "Heretic_Icon.png"
    },
    {
        "class": "Lancer",
        "set": "45",
        "rank": "5",
        "region": "Mor Dhona",
        "area": "North Silvertear",
        "enemy": "Lake Cobra",
        "num": "5",
        "x_loc": "25",
        "y_loc": "12",
        "icon": "Serpent_Icon.png"
    },
    {
        "class": "Lancer",
        "set": "46",
        "rank": "5",
        "region": "Coerthas Central Highlands",
        "area": "Boulder Downs",
        "enemy": "Snow Wolf ",
        "num": "5",
        "x_loc": "16",
        "y_loc": "32",
        "icon": "Wolf_Icon.png"
    },
    {
        "class": "Lancer",
        "set": "47",
        "rank": "5",
        "region": "Western La Noscea",
        "area": "Halfstone",
        "enemy": "Sea Wasp",
        "num": "5",
        "x_loc": "13",
        "y_loc": "17",
        "icon": "Beetle_Icon.png"
    },
    {
        "class": "Lancer",
        "set": "47",
        "rank": "5",
        "region": "Mor Dhona",
        "area": "Fogfens",
        "enemy": "5th Cohort Vanguard",
        "num": "4",
        "x_loc": "10",
        "y_loc": "13",
        "icon": "Beetle_Icon.png"
    },
    {
        "class": "Lancer",
        "set": "48",
        "rank": "5",
        "region": "Coerthas Central Highlands",
        "area": "Natalan",
        "enemy": "Natalan Watchwolf",
        "num": "5",
        "x_loc": "34",
        "y_loc": "23",
        "icon": "Wolf_Icon.png"
    },
    {
        "class": "Lancer",
        "set": "49",
        "rank": "5",
        "region": "East Shroud",
        "area": "Sylphlands",
        "enemy": "Sylphlands Sentinel ",
        "num": "5",
        "x_loc": "24",
        "y_loc": "11",
        "icon": "Treant_Icon.png"
    },
    {
        "class": "Lancer",
        "set": "49",
        "rank": "5",
        "region": "Northern Thanalan",
        "area": "Bluefog",
        "enemy": "Basilisk",
        "num": "4",
        "x_loc": "22",
        "y_loc": "24",
        "icon": "Treant_Icon.png"
    },
    {
        "class": "Lancer",
        "set": "50",
        "rank": "5",
        "region": "Eastern La Noscea",
        "area": "Agelyss Wise",
        "enemy": "2nd Cohort Eques",
        "num": "5",
        "x_loc": "30",
        "y_loc": "21",
        "icon": "Imperial_Icon.png"
    }
]