[
    {
        "class": "Maelstrom",
        "set": "01",
        "rank": "1",
        "region": "Eastern Thanalan",
        "area": "Sandgate",
        "enemy": "Amalj'aa Hunter",
        "num": "3",
        "x_loc": "19",
        "y_loc": "28",
        "icon": "Amalj%27aa_Icon.png"
    },
    {
        "class": "Maelstrom",
        "set": "02",
        "rank": "1",
        "region": "Eastern Thanalan",
        "area": "Halatali (Dungeon)",
        "enemy": "Heckler Imp",
        "num": "5",
        "x_loc": "14",
        "y_loc": "30",
        "icon": "Imp_Icon.png"
    },
    {
        "class": "Maelstrom",
        "set": "03",
        "rank": "1",
        "region": "Eastern Thanalan",
        "area": "Halatali (Dungeon)",
        "enemy": "Doctore",
        "num": "3",
        "x_loc": "14",
        "y_loc": "30",
        "icon": "Dullahan_Icon.png"
    },
    {
        "class": "Maelstrom",
        "set": "04",
        "rank": "1",
        "region": "Eastern Thanalan",
        "area": "Halatali (Dungeon)",
        "enemy": "Firemane",
        "num": "1",
        "x_loc": "14",
        "y_loc": "30",
        "icon": "Fire_Elemental_Icon.png"
    },
    {
        "class": "Maelstrom",
        "set": "05",
        "rank": "1",
        "region": "East Shroud",
        "area": "The Bramble Patch",
        "enemy": "Sylvan Groan",
        "num": "3",
        "x_loc": "19",
        "y_loc": "21",
        "icon": "Sylph_Icon.png"
    },
    {
        "class": "Maelstrom",
        "set": "06",
        "rank": "1",
        "region": "East Shroud",
        "area": "The Bramble Patch",
        "enemy": "Sylvan Sough",
        "num": "3",
        "x_loc": "19",
        "y_loc": "21",
        "icon": "Sylph_Icon.png"
    },
    {
        "class": "Maelstrom",
        "set": "07",
        "rank": "1",
        "region": "Upper La Noscea",
        "area": "Oakwood",
        "enemy": "Kobold Pickman",
        "num": "3",
        "x_loc": "13",
        "y_loc": "22",
        "icon": "Kobold_Icon.png"
    },
    {
        "class": "Maelstrom",
        "set": "08",
        "rank": "1",
        "region": "Southern Thanalan",
        "area": "Broken Water",
        "enemy": "Amalj'aa Bruiser",
        "num": "3",
        "x_loc": "20",
        "y_loc": "15",
        "icon": "Amalj%27aa_Icon.png"
    },
    {
        "class": "Maelstrom",
        "set": "09",
        "rank": "1",
        "region": "North Shroud",
        "area": "Alder Springs",
        "enemy": "Ixali Straightbeak",
        "num": "3",
        "x_loc": "23",
        "y_loc": "28",
        "icon": "Ixal_Icon.png"
    },
    {
        "class": "Maelstrom",
        "set": "10",
        "rank": "1",
        "region": "Coerthas Central Highlands",
        "area": "Dragonhead",
        "enemy": "Ixali Wildtalon",
        "num": "1",
        "x_loc": "30",
        "y_loc": "27",
        "icon": "Ixal_Icon.png"
    },
    {
        "class": "Maelstrom",
        "set": "11",
        "rank": "2",
        "region": "Southern Thanalan",
        "area": "Sagolii Desert",
        "enemy": "Amalj'aa Divinator",
        "num": "3",
        "x_loc": "27",
        "y_loc": "34",
        "icon": "Amalj%27aa_Icon.png"
    },
    {
        "class": "Maelstrom",
        "set": "12",
        "rank": "2",
        "region": "Eastern La Noscea",
        "area": "Bloodshore",
        "enemy": "Kobold Pitman",
        "num": "3",
        "x_loc": "28",
        "y_loc": "26",
        "icon": "Kobold_Icon.png"
    },
    {
        "class": "Maelstrom",
        "set": "13",
        "rank": "2",
        "region": "Southern Thanalan",
        "area": "The Sunken Temple of Qarn (Dungeon)",
        "enemy": "Temple Bat",
        "num": "5",
        "x_loc": "25",
        "y_loc": "12",
        "icon": "Bat_Icon.png"
    },
    {
        "class": "Maelstrom",
        "set": "14",
        "rank": "2",
        "region": "Southern Thanalan",
        "area": "The Sunken Temple of Qarn (Dungeon)",
        "enemy": "The Condemned",
        "num": "6",
        "x_loc": "25",
        "y_loc": "12",
        "icon": "Elemental_Icon.png"
    },
    {
        "class": "Maelstrom",
        "set": "15",
        "rank": "2",
        "region": "Southern Thanalan",
        "area": "The Sunken Temple of Qarn (Dungeon)",
        "enemy": "Teratotaur",
        "num": "1",
        "x_loc": "25",
        "y_loc": "12",
        "icon": "Taurus_Icon.png"
    },
    {
        "class": "Maelstrom",
        "set": "16",
        "rank": "2",
        "region": "Outer La Noscea",
        "area": "Iron Lake",
        "enemy": "Kobold Bedesman",
        "num": "3",
        "x_loc": "22",
        "y_loc": "13",
        "icon": "Kobold_Icon.png"
    },
    {
        "class": "Maelstrom",
        "set": "17",
        "rank": "2",
        "region": "Outer La Noscea",
        "area": "Iron Lake",
        "enemy": "Kobold Priest",
        "num": "1",
        "x_loc": "22",
        "y_loc": "12",
        "icon": "Kobold_Icon.png"
    },
    {
        "class": "Maelstrom",
        "set": "18",
        "rank": "2",
        "region": "East Shroud",
        "area": "Larkscall",
        "enemy": "Sylvan Sigh",
        "num": "3",
        "x_loc": "23",
        "y_loc": "21",
        "icon": "Sylph_Icon.png"
    },
    {
        "class": "Maelstrom",
        "set": "19",
        "rank": "2",
        "region": "Western La Noscea",
        "area": "Halfstone",
        "enemy": "Shelfscale Sahagin",
        "num": "3",
        "x_loc": "18",
        "y_loc": "21",
        "icon": "Sahagin_Icon.png"
    },
    {
        "class": "Maelstrom",
        "set": "20",
        "rank": "2",
        "region": "Southern Thanalan",
        "area": "Zanr'ak",
        "enemy": "Amalj'aa Pugilist",
        "num": "3",
        "x_loc": "20",
        "y_loc": "23",
        "icon": "Amalj%27aa_Icon.png"
    },
    {
        "class": "Maelstrom",
        "set": "21",
        "rank": "3",
        "region": "North Shroud",
        "area": "Proud Creek",
        "enemy": "Ixali Boldwing",
        "num": "3",
        "x_loc": "21",
        "y_loc": "20",
        "icon": "Ixal_Icon.png"
    },
    {
        "class": "Maelstrom",
        "set": "23",
        "rank": "3",
        "region": "East Shroud",
        "area": "Sylphlands",
        "enemy": "Sylpheed Screech",
        "num": "3",
        "x_loc": "26",
        "y_loc": "19",
        "icon": "Sylph_Icon.png"
    },
    {
        "class": "Maelstrom",
        "set": "23",
        "rank": "3",
        "region": "Outer La Noscea",
        "area": "U'Ghamaro Mines",
        "enemy": "Sylpheed Screech",
        "num": "3",
        "x_loc": "22",
        "y_loc": "6",
        "icon": "Sylph_Icon.png"
    },
    {
        "class": "Maelstrom",
        "set": "24",
        "rank": "3",
        "region": "Western La Noscea",
        "area": "Halfstone",
        "enemy": "Trenchtooth Sahagin",
        "num": "3",
        "x_loc": "20",
        "y_loc": "20",
        "icon": "Sahagin_Icon.png"
    },
    {
        "class": "Maelstrom",
        "set": "25",
        "rank": "3",
        "region": "Western La Noscea",
        "area": "Sapsa Spawning Grounds",
        "enemy": "Sapsa Shelfclaw",
        "num": "3",
        "x_loc": "18",
        "y_loc": "16",
        "icon": "Sahagin_Icon.png"
    },
    {
        "class": "Maelstrom",
        "set": "26",
        "rank": "3",
        "region": "Southern Thanalan",
        "area": "Zahar'ak",
        "enemy": "Zahar'ak Archer",
        "num": "3",
        "x_loc": "29",
        "y_loc": "20",
        "icon": "Amalj%27aa_Icon.png"
    },
    {
        "class": "Maelstrom",
        "set": "27",
        "rank": "3",
        "region": "Coerthas Central Highlands",
        "area": "Natalan",
        "enemy": "Natalan Fogcaller",
        "num": "4",
        "x_loc": "32",
        "y_loc": "18",
        "icon": "Ixal_Icon.png"
    },
    {
        "class": "Maelstrom",
        "set": "28",
        "rank": "3",
        "region": "Coerthas Central Highlands",
        "area": "Natalan",
        "enemy": "Natalan Boldwing",
        "num": "5",
        "x_loc": "31",
        "y_loc": "17",
        "icon": "Ixal_Icon.png"
    },
    {
        "class": "Maelstrom",
        "set": "29",
        "rank": "3",
        "region": "Upper La Noscea",
        "area": "The Wanderer's Palace (Dungeon)",
        "enemy": "Tonberry",
        "num": "5",
        "x_loc": "26",
        "y_loc": "22",
        "icon": "Tonberry_Icon.png"
    },
    {
        "class": "Maelstrom",
        "set": "30",
        "rank": "3",
        "region": "Upper La Noscea",
        "area": "The Wanderer's Palace (Dungeon)",
        "enemy": "Giant Bavarois",
        "num": "1",
        "x_loc": "26",
        "y_loc": "22",
        "icon": "Elemental_Icon.png"
    }
]