[
    {
        "class": "Marauder",
        "set": "01",
        "rank": "1",
        "region": "Middle La Noscea",
        "area": "Zephyr Drift",
        "enemy": "Little Ladybug",
        "num": "3",
        "x_loc": "23",
        "y_loc": "24",
        "icon": "Ladybug_Icon.png"
    },
    {
        "class": "Marauder",
        "set": "02",
        "rank": "1",
        "region": "Middle La Noscea",
        "area": "Zephyr Drift",
        "enemy": "Wharf Rat",
        "num": "3",
        "x_loc": "21",
        "y_loc": "23",
        "icon": "Beetle_Icon.png"
    },
    {
        "class": "Marauder",
        "set": "03",
        "rank": "1",
        "region": "Lower La Noscea",
        "area": "Moraby Bay",
        "enemy": "Aurelia",
        "num": "3",
        "x_loc": "24",
        "y_loc": "26",
        "icon": "Jellyfish_Icon.png"
    },
    {
        "class": "Marauder",
        "set": "04",
        "rank": "1",
        "region": "Middle La Noscea",
        "area": "Summerford",
        "enemy": "Bee Cloud",
        "num": "3",
        "x_loc": "19",
        "y_loc": "18",
        "icon": "Beetle_Icon.png"
    },
    {
        "class": "Marauder",
        "set": "05",
        "rank": "1",
        "region": "Lower La Noscea",
        "area": "Cedarwood",
        "enemy": "Wild Dodo",
        "num": "3",
        "x_loc": "29",
        "y_loc": "19",
        "icon": "Dodo_Icon.png"
    },
    {
        "class": "Marauder",
        "set": "06",
        "rank": "1",
        "region": "Middle La Noscea",
        "area": "Summerford",
        "enemy": "Tiny Mandragora",
        "num": "3",
        "x_loc": "22",
        "y_loc": "18",
        "icon": "Mandragora_Icon.png"
    },
    {
        "class": "Marauder",
        "set": "07",
        "rank": "1",
        "region": "Middle La Noscea",
        "area": "Summerford",
        "enemy": "Bogy",
        "num": "3",
        "x_loc": "20",
        "y_loc": "19",
        "icon": "Ghost_Icon.png"
    },
    {
        "class": "Marauder",
        "set": "08",
        "rank": "1",
        "region": "Middle La Noscea",
        "area": "Summerford",
        "enemy": "Wounded Aurochs",
        "num": "3",
        "x_loc": "18",
        "y_loc": "17",
        "icon": "Buffalo_Icon.png"
    },
    {
        "class": "Marauder",
        "set": "09",
        "rank": "1",
        "region": "Middle La Noscea",
        "area": "Summerford",
        "enemy": "Grounded Raider",
        "num": "3",
        "x_loc": "20",
        "y_loc": "17",
        "icon": "Hyur_Icon.png"
    },
    {
        "class": "Marauder",
        "set": "10",
        "rank": "1",
        "region": "Middle La Noscea",
        "area": "Three-malm Bend",
        "enemy": "Megalocrab",
        "num": "3",
        "x_loc": "14",
        "y_loc": "13",
        "icon": "Beetle_Icon.png"
    },
    {
        "class": "Marauder",
        "set": "11",
        "rank": "2",
        "region": "Lower La Noscea",
        "area": "The God's Grip",
        "enemy": "Firefly",
        "num": "4",
        "x_loc": "26",
        "y_loc": "37",
        "icon": "Firefly_Icon.png"
    },
    {
        "class": "Marauder",
        "set": "12",
        "rank": "2",
        "region": "Lower La Noscea",
        "area": "Moraby Bay",
        "enemy": "Mossless Goobbue",
        "num": "4",
        "x_loc": "22",
        "y_loc": "24",
        "icon": "Goobbue_Icon.png"
    },
    {
        "class": "Marauder",
        "set": "13",
        "rank": "2",
        "region": "Western La Noscea",
        "area": "Quarterstone",
        "enemy": "Fat Dodo",
        "num": "4",
        "x_loc": "32",
        "y_loc": "27",
        "icon": "Dodo_Icon.png"
    },
    {
        "class": "Marauder",
        "set": "14",
        "rank": "2",
        "region": "Lower La Noscea",
        "area": "The God's Grip",
        "enemy": "Moraby Mole",
        "num": "4",
        "x_loc": "21",
        "y_loc": "34",
        "icon": "Mole_Icon.png"
    },
    {
        "class": "Marauder",
        "set": "15",
        "rank": "2",
        "region": "Lower La Noscea",
        "area": "The God's Grip",
        "enemy": "Qiqirn Eggdigger",
        "num": "4",
        "x_loc": "18",
        "y_loc": "35",
        "icon": "Qiqirn_Icon.png"
    },
    {
        "class": "Marauder",
        "set": "16",
        "rank": "2",
        "region": "Western La Noscea",
        "area": "Quarterstone",
        "enemy": "Rhotano Buccaneer",
        "num": "4",
        "x_loc": "33",
        "y_loc": "27",
        "icon": "Hyur_Icon.png"
    },
    {
        "class": "Marauder",
        "set": "17",
        "rank": "2",
        "region": "Western La Noscea",
        "area": "Skull Valley",
        "enemy": "Dusk Bat",
        "num": "4",
        "x_loc": "28",
        "y_loc": "24",
        "icon": "Bat_Icon.png"
    },
    {
        "class": "Marauder",
        "set": "17",
        "rank": "2",
        "region": "Western La Noscea",
        "area": "Skull Valley",
        "enemy": "Puk Hatchling",
        "num": "3",
        "x_loc": "28",
        "y_loc": "24",
        "icon": "Bat_Icon.png"
    },
    {
        "class": "Marauder",
        "set": "17",
        "rank": "2",
        "region": "Western La Noscea",
        "area": "Skull Valley",
        "enemy": "Hedgemole",
        "num": "2",
        "x_loc": "26",
        "y_loc": "23",
        "icon": "Bat_Icon.png"
    },
    {
        "class": "Marauder",
        "set": "18",
        "rank": "2",
        "region": "Western La Noscea",
        "area": "Skull Valley",
        "enemy": "Rothlyt Pelican",
        "num": "4",
        "x_loc": "24",
        "y_loc": "22",
        "icon": "Beetle_Icon.png"
    },
    {
        "class": "Marauder",
        "set": "19",
        "rank": "2",
        "region": "Western La Noscea",
        "area": "Skull Valley",
        "enemy": "Killer Mantis",
        "num": "4",
        "x_loc": "21",
        "y_loc": "22",
        "icon": "Mantis_Icon.png"
    },
    {
        "class": "Marauder",
        "set": "20",
        "rank": "2",
        "region": "Upper La Noscea",
        "area": "Oakwood",
        "enemy": "Wild Wolf",
        "num": "4",
        "x_loc": "13",
        "y_loc": "26",
        "icon": "Wolf_Icon.png"
    },
    {
        "class": "Marauder",
        "set": "21",
        "rank": "3",
        "region": "Upper La Noscea",
        "area": "Oakwood",
        "enemy": "Stoneshell",
        "num": "4",
        "x_loc": "13",
        "y_loc": "24",
        "icon": "Crab_Icon.png"
    },
    {
        "class": "Marauder",
        "set": "22",
        "rank": "3",
        "region": "East Shroud",
        "area": "The Bramble Patch",
        "enemy": "Diseased Treant",
        "num": "4",
        "x_loc": "17",
        "y_loc": "23",
        "icon": "Treant_Icon.png"
    },
    {
        "class": "Marauder",
        "set": "23",
        "rank": "3",
        "region": "Western Thanalan",
        "area": "The Footfalls",
        "enemy": "Yarzon Scavenger",
        "num": "4",
        "x_loc": "15",
        "y_loc": "7",
        "icon": "Yarzon_Icon.png"
    },
    {
        "class": "Marauder",
        "set": "24",
        "rank": "3",
        "region": "South Shroud",
        "area": "Upper Paths",
        "enemy": "Redbelly Larcener",
        "num": "4",
        "x_loc": "23",
        "y_loc": "19",
        "icon": "Beetle_Icon.png"
    },
    {
        "class": "Marauder",
        "set": "25",
        "rank": "3",
        "region": "North Shroud",
        "area": "Alder Springs",
        "enemy": "Shroud Hare",
        "num": "4",
        "x_loc": "17",
        "y_loc": "27",
        "icon": "Beetle_Icon.png"
    },
    {
        "class": "Marauder",
        "set": "26",
        "rank": "3",
        "region": "Southern Thanalan",
        "area": "Broken Water",
        "enemy": "Sabotender",
        "num": "4",
        "x_loc": "14",
        "y_loc": "14",
        "icon": "Cactuar_Icon.png"
    },
    {
        "class": "Marauder",
        "set": "27",
        "rank": "3",
        "region": "North Shroud",
        "area": "Alder Springs",
        "enemy": "Balloon",
        "num": "4",
        "x_loc": "17",
        "y_loc": "26",
        "icon": "Bomb_Icon.png"
    },
    {
        "class": "Marauder",
        "set": "27",
        "rank": "3",
        "region": "Eastern Thanalan",
        "area": "Wellwick Wood",
        "enemy": "Phurble",
        "num": "3",
        "x_loc": "22",
        "y_loc": "21",
        "icon": "Bomb_Icon.png"
    },
    {
        "class": "Marauder",
        "set": "27",
        "rank": "3",
        "region": "Southern Thanalan",
        "area": "Broken Water",
        "enemy": "Sandskin Peiste",
        "num": "2",
        "x_loc": "19",
        "y_loc": "10",
        "icon": "Bomb_Icon.png"
    },
    {
        "class": "Marauder",
        "set": "28",
        "rank": "3",
        "region": "Eastern Thanalan",
        "area": "Wellwick Wood",
        "enemy": "Axe Beak",
        "num": "4",
        "x_loc": "27",
        "y_loc": "17",
        "icon": "Beetle_Icon.png"
    },
    {
        "class": "Marauder",
        "set": "29",
        "rank": "3",
        "region": "Central Shroud",
        "area": "Sorrel Haven",
        "enemy": "Toadstool",
        "num": "4",
        "x_loc": "14",
        "y_loc": "17",
        "icon": "Beetle_Icon.png"
    },
    {
        "class": "Marauder",
        "set": "30",
        "rank": "3",
        "region": "Central Shroud",
        "area": "Sorrel Haven",
        "enemy": "Floating Eye",
        "num": "4",
        "x_loc": "10",
        "y_loc": "23",
        "icon": "Beetle_Icon.png"
    },
    {
        "class": "Marauder",
        "set": "31",
        "rank": "4",
        "region": "Central Shroud",
        "area": "Sorrel Haven",
        "enemy": "Stroper",
        "num": "4",
        "x_loc": "12",
        "y_loc": "21",
        "icon": "Morbol_Icon.png"
    },
    {
        "class": "Marauder",
        "set": "32",
        "rank": "4",
        "region": "South Shroud",
        "area": "Lower Paths",
        "enemy": "Adamantoise",
        "num": "4",
        "x_loc": "15",
        "y_loc": "29",
        "icon": "Adamantoise_Icon.png"
    },
    {
        "class": "Marauder",
        "set": "32",
        "rank": "4",
        "region": "Southern Thanalan",
        "area": "Sagolii Desert",
        "enemy": "Smoke Bomb",
        "num": "3",
        "x_loc": "19",
        "y_loc": "34",
        "icon": "Adamantoise_Icon.png"
    },
    {
        "class": "Marauder",
        "set": "32",
        "rank": "4",
        "region": "Eastern La Noscea",
        "area": "Raincatcher Gully",
        "enemy": "Grass Raptor",
        "num": "2",
        "x_loc": "15",
        "y_loc": "26",
        "icon": "Adamantoise_Icon.png"
    },
    {
        "class": "Marauder",
        "set": "33",
        "rank": "4",
        "region": "Eastern La Noscea",
        "area": "Bloodshore",
        "enemy": "Snipper",
        "num": "4",
        "x_loc": "31",
        "y_loc": "35",
        "icon": "Beetle_Icon.png"
    },
    {
        "class": "Marauder",
        "set": "34",
        "rank": "4",
        "region": "Eastern La Noscea",
        "area": "Bloodshore",
        "enemy": "Bloodshore Bell",
        "num": "4",
        "x_loc": "31",
        "y_loc": "26",
        "icon": "Beetle_Icon.png"
    },
    {
        "class": "Marauder",
        "set": "35",
        "rank": "4",
        "region": "Eastern La Noscea",
        "area": "Raincatcher Gully",
        "enemy": "Jungle Coeurl",
        "num": "4",
        "x_loc": "19",
        "y_loc": "28",
        "icon": "Beetle_Icon.png"
    },
    {
        "class": "Marauder",
        "set": "36",
        "rank": "4",
        "region": "Coerthas Central Highlands",
        "area": "Dragonhead",
        "enemy": "Snow Wolf Pup",
        "num": "4",
        "x_loc": "21",
        "y_loc": "29",
        "icon": "Wolf_Icon.png"
    },
    {
        "class": "Marauder",
        "set": "37",
        "rank": "4",
        "region": "Coerthas Central Highlands",
        "area": "Providence Point",
        "enemy": "Redhorn Ogre",
        "num": "2",
        "x_loc": "24",
        "y_loc": "13",
        "icon": "Sheep_Icon.png"
    },
    {
        "class": "Marauder",
        "set": "37",
        "rank": "4",
        "region": "Coerthas Central Highlands",
        "area": "Dragonhead",
        "enemy": "Ornery Karakul",
        "num": "4",
        "x_loc": "25",
        "y_loc": "19",
        "icon": "Sheep_Icon.png"
    },
    {
        "class": "Marauder",
        "set": "37",
        "rank": "4",
        "region": "Coerthas Central Highlands",
        "area": "Dragonhead",
        "enemy": "Highland Goobbue",
        "num": "3",
        "x_loc": "25",
        "y_loc": "19",
        "icon": "Sheep_Icon.png"
    },
    {
        "class": "Marauder",
        "set": "38",
        "rank": "4",
        "region": "Coerthas Central Highlands",
        "area": "Providence Point",
        "enemy": "Downy Aevis",
        "num": "4",
        "x_loc": "26",
        "y_loc": "10",
        "icon": "Aevis_Icon.png"
    },
    {
        "class": "Marauder",
        "set": "39",
        "rank": "4",
        "region": "Coerthas Central Highlands",
        "area": "Whitebrim",
        "enemy": "Snowstorm Goobbue",
        "num": "4",
        "x_loc": "19",
        "y_loc": "17",
        "icon": "Goobbue_Icon.png"
    },
    {
        "class": "Marauder",
        "set": "40",
        "rank": "4",
        "region": "Outer La Noscea",
        "area": "Iron Lake",
        "enemy": "Grenade",
        "num": "4",
        "x_loc": "23",
        "y_loc": "13",
        "icon": "Beetle_Icon.png"
    },
    {
        "class": "Marauder",
        "set": "41",
        "rank": "5",
        "region": "East Shroud",
        "area": "Larkscall",
        "enemy": "Molted Ziz",
        "num": "5",
        "x_loc": "25",
        "y_loc": "24",
        "icon": "Beetle_Icon.png"
    },
    {
        "class": "Marauder",
        "set": "42",
        "rank": "5",
        "region": "Eastern Thanalan",
        "area": "The Burning Wall",
        "enemy": "Quartz Doblyn",
        "num": "5",
        "x_loc": "31",
        "y_loc": "26",
        "icon": "Beetle_Icon.png"
    },
    {
        "class": "Marauder",
        "set": "42",
        "rank": "5",
        "region": "Western Thanalan",
        "area": "The Isles of Umbra",
        "enemy": "Dead Man's Moan",
        "num": "3",
        "x_loc": "15",
        "y_loc": "35",
        "icon": "Beetle_Icon.png"
    },
    {
        "class": "Marauder",
        "set": "42",
        "rank": "5",
        "region": "East Shroud",
        "area": "Larkscall",
        "enemy": "Morbol",
        "num": "2",
        "x_loc": "23",
        "y_loc": "21",
        "icon": "Beetle_Icon.png"
    },
    {
        "class": "Marauder",
        "set": "43",
        "rank": "5",
        "region": "Central Shroud",
        "area": "The Standing Corses",
        "enemy": "Crater Golem",
        "num": "1",
        "x_loc": "11",
        "y_loc": "17",
        "icon": "Golem_Icon.png"
    },
    {
        "class": "Marauder",
        "set": "44",
        "rank": "5",
        "region": "South Shroud",
        "area": "Urth's Gift",
        "enemy": "Wild Hog",
        "num": "5",
        "x_loc": "29",
        "y_loc": "24",
        "icon": "Boar_Icon.png"
    },
    {
        "class": "Marauder",
        "set": "45",
        "rank": "5",
        "region": "Coerthas Central Highlands",
        "area": "Boulder Downs",
        "enemy": "Biast",
        "num": "5",
        "x_loc": "16",
        "y_loc": "30",
        "icon": "Beetle_Icon.png"
    },
    {
        "class": "Marauder",
        "set": "46",
        "rank": "5",
        "region": "Mor Dhona",
        "area": "Fogfens",
        "enemy": "5th Cohort Signifer",
        "num": "5",
        "x_loc": "9",
        "y_loc": "14",
        "icon": "Imperial_Icon.png"
    },
    {
        "class": "Marauder",
        "set": "47",
        "rank": "5",
        "region": "Outer La Noscea",
        "area": "U'Ghamaro Mines",
        "enemy": "Synthetic Doblyn",
        "num": "5",
        "x_loc": "23",
        "y_loc": "8",
        "icon": "Beetle_Icon.png"
    },
    {
        "class": "Marauder",
        "set": "47",
        "rank": "5",
        "region": "North Shroud",
        "area": "Proud Creek",
        "enemy": "Watchwolf",
        "num": "3",
        "x_loc": "20",
        "y_loc": "20",
        "icon": "Beetle_Icon.png"
    },
    {
        "class": "Marauder",
        "set": "47",
        "rank": "5",
        "region": "Southern Thanalan",
        "area": "Zanr'ak",
        "enemy": "Iron Tortoise",
        "num": "2",
        "x_loc": "19",
        "y_loc": "23",
        "icon": "Beetle_Icon.png"
    },
    {
        "class": "Marauder",
        "set": "48",
        "rank": "5",
        "region": "East Shroud",
        "area": "Sylphlands",
        "enemy": "Milkroot Cluster",
        "num": "5",
        "x_loc": "23",
        "y_loc": "16",
        "icon": "Ochu_Icon.png"
    },
    {
        "class": "Marauder",
        "set": "49",
        "rank": "5",
        "region": "Western Thanalan",
        "area": "Cape Westwind",
        "enemy": "4th Cohort Secutor",
        "num": "5",
        "x_loc": "10",
        "y_loc": "6",
        "icon": "Hyur_Icon.png"
    },
    {
        "class": "Marauder",
        "set": "50",
        "rank": "5",
        "region": "Eastern La Noscea",
        "area": "Agelyss Wise",
        "enemy": "2nd Cohort Laquearius",
        "num": "5",
        "x_loc": "28",
        "y_loc": "21",
        "icon": "Imperial_Icon.png"
    }
]