[
    {
        "class": "Pugilist",
        "set": "01",
        "rank": "1",
        "region": "Central Thanalan",
        "area": "Spineless Basin",
        "enemy": "Huge Hornet",
        "num": "4",
        "x_loc": "21",
        "y_loc": "26",
        "icon": "Giant_Hornet_Icon.png"
    },
    {
        "class": "Pugilist",
        "set": "02",
        "rank": "1",
        "region": "Central Thanalan",
        "area": "Spineless Basin",
        "enemy": "Star Marmot",
        "num": "4",
        "x_loc": "20",
        "y_loc": "27",
        "icon": "Rodent_Icon.png"
    },
    {
        "class": "Pugilist",
        "set": "04",
        "rank": "1",
        "region": "Central Thanalan",
        "area": "Spineless Basin",
        "enemy": "Snapping Shrew",
        "num": "4",
        "x_loc": "23",
        "y_loc": "27",
        "icon": "Mole_Icon.png"
    },
    {
        "class": "Pugilist",
        "set": "05",
        "rank": "1",
        "region": "Central Thanalan",
        "area": "Black Brush",
        "enemy": "Orobon",
        "num": "4",
        "x_loc": "21",
        "y_loc": "24",
        "icon": "Orobon_Icon.png"
    },
    {
        "class": "Pugilist",
        "set": "07",
        "rank": "1",
        "region": "Central Thanalan",
        "area": "Black Brush",
        "enemy": "Spriggan Graverobber",
        "num": "4",
        "x_loc": "17",
        "y_loc": "23",
        "icon": "Spriggan_Icon.png"
    },
    {
        "class": "Pugilist",
        "set": "10",
        "rank": "1",
        "region": "Central Thanalan",
        "area": "The Clutch",
        "enemy": "Eft",
        "num": "2",
        "x_loc": "23",
        "y_loc": "18",
        "icon": "Peiste_Icon.png"
    },
    {
        "class": "Pugilist",
        "set": "03",
        "rank": "1",
        "region": "Western Thanalan",
        "area": "The Eighty Sins of Sasamo",
        "enemy": "Cactuar",
        "num": "4",
        "x_loc": "27",
        "y_loc": "24",
        "icon": "Cactuar_Icon.png"
    },
    {
        "class": "Pugilist",
        "set": "06",
        "rank": "1",
        "region": "Western Thanalan",
        "area": "Hammerlea",
        "enemy": "Nesting Buzzard",
        "num": "4",
        "x_loc": "21",
        "y_loc": "25",
        "icon": "Vulture_Icon.png"
    },
    {
        "class": "Pugilist",
        "set": "08",
        "rank": "1",
        "region": "Western Thanalan",
        "area": "Hammerlea",
        "enemy": "Goblin Mugger",
        "num": "4",
        "x_loc": "18",
        "y_loc": "26",
        "icon": "Goblin_Icon.png"
    },
    {
        "class": "Pugilist",
        "set": "09",
        "rank": "1",
        "region": "Western Thanalan",
        "area": "Hammerlea",
        "enemy": "Sandtoad",
        "num": "4",
        "x_loc": "22",
        "y_loc": "22",
        "icon": "Gigantoad_Icon.png"
    },
    {
        "class": "Pugilist",
        "set": "10",
        "rank": "1",
        "region": "Western Thanalan",
        "area": "Horizon's Edge",
        "enemy": "Sun Midge Swarm",
        "num": "2",
        "x_loc": "17",
        "y_loc": "15",
        "icon": "Peiste_Icon.png"
    },
    {
        "class": "Pugilist",
        "set": "10",
        "rank": "1",
        "region": "Western Thanalan",
        "area": "Horizon's Edge",
        "enemy": "Desert Peiste",
        "num": "2",
        "x_loc": "24",
        "y_loc": "20",
        "icon": "Peiste_Icon.png"
    },
    {
        "class": "Pugilist",
        "set": "11",
        "rank": "2",
        "region": "Western Thanalan",
        "area": "Horizon's Edge",
        "enemy": "Bomb",
        "num": "4",
        "x_loc": "27",
        "y_loc": "16",
        "icon": "Bomb_Icon.png"
    },
    {
        "class": "Pugilist",
        "set": "14",
        "rank": "2",
        "region": "Western Thanalan",
        "area": "The Eighty Sins of Sasamo",
        "enemy": "Giant Tortoise",
        "num": "4",
        "x_loc": "28",
        "y_loc": "25",
        "icon": "Adamantoise_Icon.png"
    },
    {
        "class": "Pugilist",
        "set": "15",
        "rank": "2",
        "region": "Western Thanalan",
        "area": "The Footfalls",
        "enemy": "Arbor Buzzard",
        "num": "2",
        "x_loc": "17",
        "y_loc": "16",
        "icon": "Rodent_Icon.png"
    },
    {
        "class": "Pugilist",
        "set": "15",
        "rank": "2",
        "region": "Western Thanalan",
        "area": "The Footfalls",
        "enemy": "Thickshell",
        "num": "2",
        "x_loc": "16",
        "y_loc": "16",
        "icon": "Rodent_Icon.png"
    },
    {
        "class": "Pugilist",
        "set": "15",
        "rank": "2",
        "region": "Western Thanalan",
        "area": "The Footfalls",
        "enemy": "Scaphite",
        "num": "2",
        "x_loc": "17",
        "y_loc": "14",
        "icon": "Rodent_Icon.png"
    },
    {
        "class": "Pugilist",
        "set": "20",
        "rank": "2",
        "region": "Western Thanalan",
        "area": "The Footfalls",
        "enemy": "Bloated Bogy",
        "num": "2",
        "x_loc": "13",
        "y_loc": "11",
        "icon": "Fomor_Icon.png"
    },
    {
        "class": "Pugilist",
        "set": "12",
        "rank": "2",
        "region": "Central Thanalan",
        "area": "The Clutch",
        "enemy": "Cochineal Cactuar",
        "num": "4",
        "x_loc": "24",
        "y_loc": "19",
        "icon": "Cactuar_Icon.png"
    },
    {
        "class": "Pugilist",
        "set": "13",
        "rank": "2",
        "region": "Central Thanalan",
        "area": "Black Brush",
        "enemy": "Antling Sentry",
        "num": "4",
        "x_loc": "16",
        "y_loc": "14",
        "icon": "Antling_Icon.png"
    },
    {
        "class": "Pugilist",
        "set": "16",
        "rank": "2",
        "region": "Eastern Thanalan",
        "area": "Sandgate",
        "enemy": "Tuco Tuco",
        "num": "4",
        "x_loc": "11",
        "y_loc": "19",
        "icon": "Mole_Icon.png"
    },
    {
        "class": "Pugilist",
        "set": "17",
        "rank": "2",
        "region": "Eastern Thanalan",
        "area": "Drybone",
        "enemy": "Myotragus Nanny",
        "num": "4",
        "x_loc": "18",
        "y_loc": "22",
        "icon": "Aldgoat_Icon.png"
    },
    {
        "class": "Pugilist",
        "set": "18",
        "rank": "2",
        "region": "Eastern Thanalan",
        "area": "Drybone",
        "enemy": "Blowfly Swarm",
        "num": "4",
        "x_loc": "11",
        "y_loc": "22",
        "icon": "Rodent_Icon.png"
    },
    {
        "class": "Pugilist",
        "set": "19",
        "rank": "2",
        "region": "Eastern Thanalan",
        "area": "Drybone",
        "enemy": "Vandalous Imp",
        "num": "4",
        "x_loc": "14",
        "y_loc": "18",
        "icon": "Imp_Icon.png"
    },
    {
        "class": "Pugilist",
        "set": "20",
        "rank": "2",
        "region": "Eastern Thanalan",
        "area": "The Invisible City",
        "enemy": "Rotting Corpse",
        "num": "2",
        "x_loc": "15",
        "y_loc": "16",
        "icon": "Fomor_Icon.png"
    },
    {
        "class": "Pugilist",
        "set": "20",
        "rank": "2",
        "region": "Eastern Thanalan",
        "area": "The Invisible City",
        "enemy": "Rotting Noble",
        "num": "2",
        "x_loc": "15",
        "y_loc": "16",
        "icon": "Fomor_Icon.png"
    },
    {
        "class": "Pugilist",
        "set": "21",
        "rank": "3",
        "region": "East Shroud",
        "area": "Nine Ivies",
        "enemy": "Overgrown Ivy",
        "num": "5",
        "x_loc": "23",
        "y_loc": "29",
        "icon": "Rodent_Icon.png"
    },
    {
        "class": "Pugilist",
        "set": "22",
        "rank": "3",
        "region": "South Shroud",
        "area": "Upper Paths",
        "enemy": "Smallmouth Orobon",
        "num": "5",
        "x_loc": "16",
        "y_loc": "18",
        "icon": "Orobon_Icon.png"
    },
    {
        "class": "Pugilist",
        "set": "25",
        "rank": "3",
        "region": "South Shroud",
        "area": "Upper Paths",
        "enemy": "Bark Eft",
        "num": "3",
        "x_loc": "17",
        "y_loc": "24",
        "icon": "Eft_Icon.png"
    },
    {
        "class": "Pugilist",
        "set": "30",
        "rank": "3",
        "region": "South Shroud",
        "area": "Lower Paths",
        "enemy": "Bigmouth Orobon",
        "num": "3",
        "x_loc": "18",
        "y_loc": "30",
        "icon": "Apkallu_Icon.png"
    },
    {
        "class": "Pugilist",
        "set": "29",
        "rank": "3",
        "region": "South Shroud",
        "area": "Silend Arbor",
        "enemy": "Coeurlclaw Hunter",
        "num": "5",
        "x_loc": "28",
        "y_loc": "22",
        "icon": "Miqo%27te_Icon.png"
    },
    {
        "class": "Pugilist",
        "set": "25",
        "rank": "3",
        "region": "North Shroud",
        "area": "Alder Springs",
        "enemy": "Shroud Hare",
        "num": "3",
        "x_loc": "17",
        "y_loc": "27",
        "icon": "Eft_Icon.png"
    },
    {
        "class": "Pugilist",
        "set": "26",
        "rank": "3",
        "region": "North Shroud",
        "area": "Alder Springs",
        "enemy": "Ziz",
        "num": "5",
        "x_loc": "16",
        "y_loc": "27",
        "icon": "Rodent_Icon.png"
    },
    {
        "class": "Pugilist",
        "set": "28",
        "rank": "3",
        "region": "North Shroud",
        "area": "Alder Springs",
        "enemy": "Clay Golem",
        "num": "5",
        "x_loc": "16",
        "y_loc": "29",
        "icon": "Golem_Icon.png"
    },
    {
        "class": "Pugilist",
        "set": "30",
        "rank": "3",
        "region": "Central Shroud",
        "area": "Sorrel Haven",
        "enemy": "Lindwurm",
        "num": "3",
        "x_loc": "13",
        "y_loc": "19",
        "icon": "Apkallu_Icon.png"
    },
    {
        "class": "Pugilist",
        "set": "25",
        "rank": "3",
        "region": "Southern Thanalan",
        "area": "Broken Water",
        "enemy": "Fallen Mage",
        "num": "3",
        "x_loc": "19",
        "y_loc": "17",
        "icon": "Eft_Icon.png"
    },
    {
        "class": "Pugilist",
        "set": "27",
        "rank": "3",
        "region": "Southern Thanalan",
        "area": "Broken Water",
        "enemy": "Corpse Brigade Knuckledancer",
        "num": "5",
        "x_loc": "24",
        "y_loc": "9",
        "icon": "Hyur_Icon.png"
    },
    {
        "class": "Pugilist",
        "set": "30",
        "rank": "3",
        "region": "Eastern La Noscea",
        "area": "Bloodshore",
        "enemy": "Apkallu",
        "num": "3",
        "x_loc": "28",
        "y_loc": "35",
        "icon": "Apkallu_Icon.png"
    },
    {
        "class": "Pugilist",
        "set": "23",
        "rank": "3",
        "region": "Upper La Noscea",
        "area": "Oakwood",
        "enemy": "Forest Yarzon",
        "num": "5",
        "x_loc": "11",
        "y_loc": "21",
        "icon": "Rodent_Icon.png"
    },
    {
        "class": "Pugilist",
        "set": "24",
        "rank": "3",
        "region": "Upper La Noscea",
        "area": "Oakwood",
        "enemy": "Coeurl Pup",
        "num": "5",
        "x_loc": "9",
        "y_loc": "20",
        "icon": "Coeurl_Icon.png"
    },
    {
        "class": "Pugilist",
        "set": "31",
        "rank": "4",
        "region": "Upper La Noscea",
        "area": "Bronze Lake",
        "enemy": "Mamool Ja Breeder",
        "num": "5",
        "x_loc": "33",
        "y_loc": "25",
        "icon": "Rodent_Icon.png"
    },
    {
        "class": "Pugilist",
        "set": "32",
        "rank": "4",
        "region": "Southern Thanalan",
        "area": "Sagolii Desert",
        "enemy": "Russet Yarzon",
        "num": "5",
        "x_loc": "14",
        "y_loc": "32",
        "icon": "Yarzon_Icon.png"
    },
    {
        "class": "Pugilist",
        "set": "33",
        "rank": "4",
        "region": "Southern Thanalan",
        "area": "Sagolii Desert",
        "enemy": "Smoke Bomb",
        "num": "5",
        "x_loc": "19",
        "y_loc": "34",
        "icon": "Bomb_Icon.png"
    },
    {
        "class": "Pugilist",
        "set": "34",
        "rank": "4",
        "region": "Central Shroud",
        "area": "Sorrel Haven",
        "enemy": "Death Gaze",
        "num": "5",
        "x_loc": "17",
        "y_loc": "22",
        "icon": "Death_Gaze_Icon.png"
    },
    {
        "class": "Pugilist",
        "set": "35",
        "rank": "4",
        "region": "Eastern La Noscea",
        "area": "Raincatcher Gully",
        "enemy": "Goobbue",
        "num": "3",
        "x_loc": "17",
        "y_loc": "31",
        "icon": "Goobbue_Icon.png"
    },
    {
        "class": "Pugilist",
        "set": "35",
        "rank": "4",
        "region": "Eastern La Noscea",
        "area": "Raincatcher Gully",
        "enemy": "Jungle Coeurl",
        "num": "3",
        "x_loc": "17",
        "y_loc": "28",
        "icon": "Goobbue_Icon.png"
    },
    {
        "class": "Pugilist",
        "set": "35",
        "rank": "4",
        "region": "Outer La Noscea",
        "area": "The Long Climb",
        "enemy": "Basalt Golem",
        "num": "3",
        "x_loc": "13",
        "y_loc": "15",
        "icon": "Goobbue_Icon.png"
    },
    {
        "class": "Pugilist",
        "set": "36",
        "rank": "4",
        "region": "Outer La Noscea",
        "area": "The Long Climb",
        "enemy": "Velociraptor",
        "num": "5",
        "x_loc": "19",
        "y_loc": "15",
        "icon": "Raptor_Icon.png"
    },
    {
        "class": "Pugilist",
        "set": "37",
        "rank": "4",
        "region": "Coerthas Central Highlands",
        "area": "Dragonhead",
        "enemy": "Highland Goobbue",
        "num": "5",
        "x_loc": "23",
        "y_loc": "29",
        "icon": "Goobbue_Icon.png"
    },
    {
        "class": "Pugilist",
        "set": "38",
        "rank": "4",
        "region": "Coerthas Central Highlands",
        "area": "Dragonhead",
        "enemy": "Feral Croc",
        "num": "5",
        "x_loc": "25",
        "y_loc": "20",
        "icon": "Croc_Icon.png"
    },
    {
        "class": "Pugilist",
        "set": "39",
        "rank": "4",
        "region": "Coerthas Central Highlands",
        "area": "Providence Point",
        "enemy": "Redhorn Ogre",
        "num": "5",
        "x_loc": "26",
        "y_loc": "12",
        "icon": "Ogre_Icon.png"
    },
    {
        "class": "Pugilist",
        "set": "40",
        "rank": "4",
        "region": "Coerthas Central Highlands",
        "area": "Whitebrim",
        "enemy": "Snowstorm Goobbue",
        "num": "3",
        "x_loc": "24",
        "y_loc": "17",
        "icon": "Goobbue_Icon.png"
    },
    {
        "class": "Pugilist",
        "set": "40",
        "rank": "4",
        "region": "East Shroud",
        "area": "Larkscall",
        "enemy": "Ochu",
        "num": "3",
        "x_loc": "26",
        "y_loc": "21",
        "icon": "Goobbue_Icon.png"
    },
    {
        "class": "Pugilist",
        "set": "40",
        "rank": "4",
        "region": "East Shroud",
        "area": "Larkscall",
        "enemy": "Molted Ziz",
        "num": "3",
        "x_loc": "25",
        "y_loc": "24",
        "icon": "Goobbue_Icon.png"
    },
    {
        "class": "Pugilist",
        "set": "41",
        "rank": "5",
        "region": "Eastern Thanalan",
        "area": "The Burning Wall",
        "enemy": "Quartz Doblyn",
        "num": "6",
        "x_loc": "31",
        "y_loc": "26",
        "icon": "Rodent_Icon.png"
    },
    {
        "class": "Pugilist",
        "set": "42",
        "rank": "5",
        "region": "Western La Noscea",
        "area": "The Isles of Umbra",
        "enemy": "Dead Man's Moan",
        "num": "6",
        "x_loc": "15",
        "y_loc": "35",
        "icon": "Wight_Icon.png"
    },
    {
        "class": "Pugilist",
        "set": "43",
        "rank": "5",
        "region": "East Shroud",
        "area": "Larkscall",
        "enemy": "3rd Cohort Signifer",
        "num": "2",
        "x_loc": "32",
        "y_loc": "20",
        "icon": "Imperial_Icon.png"
    },
    {
        "class": "Pugilist",
        "set": "44",
        "rank": "5",
        "region": "South Shroud",
        "area": "Urth's Gift",
        "enemy": "Wild Hog",
        "num": "6",
        "x_loc": "29",
        "y_loc": "24",
        "icon": "Boar_Icon.png"
    },
    {
        "class": "Pugilist",
        "set": "45",
        "rank": "5",
        "region": "Mor Dhona",
        "area": "Fogfens",
        "enemy": "Raging Harrier",
        "num": "3",
        "x_loc": "16",
        "y_loc": "15",
        "icon": "Heretic_Icon.png"
    },
    {
        "class": "Pugilist",
        "set": "45",
        "rank": "5",
        "region": "Coerthas Central Highlands",
        "area": "Boulder Downs",
        "enemy": "Biast",
        "num": "3",
        "x_loc": "11",
        "y_loc": "29",
        "icon": "Heretic_Icon.png"
    },
    {
        "class": "Pugilist",
        "set": "45",
        "rank": "5",
        "region": "Mor Dhona",
        "area": "North Silvertear",
        "enemy": "Gigas Shramana",
        "num": "3",
        "x_loc": "27",
        "y_loc": "11",
        "icon": "Heretic_Icon.png"
    },
    {
        "class": "Pugilist",
        "set": "46",
        "rank": "5",
        "region": "Coerthas Central Highlands",
        "area": "Boulder Downs",
        "enemy": "Snow Wolf",
        "num": "6",
        "x_loc": "16",
        "y_loc": "32",
        "icon": "Rodent_Icon.png"
    },
    {
        "class": "Pugilist",
        "set": "47",
        "rank": "5",
        "region": "Mor Dhona",
        "area": "Fogfens",
        "enemy": "5th Cohort Hoplomachus",
        "num": "6",
        "x_loc": "12",
        "y_loc": "12",
        "icon": "Imperial_Icon.png"
    },
    {
        "class": "Pugilist",
        "set": "48",
        "rank": "5",
        "region": "East Shroud",
        "area": "Sylphlands",
        "enemy": "Dreamtoad",
        "num": "6",
        "x_loc": "26",
        "y_loc": "18",
        "icon": "Gigantoad_Icon.png"
    },
    {
        "class": "Pugilist",
        "set": "49",
        "rank": "5",
        "region": "Mor Dhona",
        "area": "North Silvertear",
        "enemy": "Hapalit",
        "num": "6",
        "x_loc": "31",
        "y_loc": "5",
        "icon": "Ogre_Icon.png"
    },
    {
        "class": "Pugilist",
        "set": "50",
        "rank": "5",
        "region": "Southern Thanalan",
        "area": "Zahar'ak",
        "enemy": "Zahar'ak Battle Drake",
        "num": "3",
        "x_loc": "29",
        "y_loc": "19",
        "icon": "Drake_Icon.png"
    },
    {
        "class": "Pugilist",
        "set": "50",
        "rank": "5",
        "region": "Northern Thanalan",
        "area": "Bluefog",
        "enemy": "Basilisk",
        "num": "4",
        "x_loc": "22",
        "y_loc": "24",
        "icon": "Drake_Icon.png"
    },
    {
        "class": "Pugilist",
        "set": "50",
        "rank": "5",
        "region": "Western La Noscea",
        "area": "Halfstone",
        "enemy": "Shelfclaw Reaver",
        "num": "3",
        "x_loc": "13",
        "y_loc": "16",
        "icon": "Drake_Icon.png"
    }
]