[
    {
        "class": "Rogue",
        "set": "01",
        "rank": "1",
        "region": "Middle La Noscea",
        "area": "Zephyr Drift",
        "enemy": "Wharf Rat",
        "num": "3",
        "x_loc": "21",
        "y_loc": "23",
        "icon": "Rodent_Icon.png"
    },
    {
        "class": "Rogue",
        "set": "02",
        "rank": "1",
        "region": "Middle La Noscea",
        "area": "Zephyr Drift",
        "enemy": "Lost Lamb",
        "num": "3",
        "x_loc": "23",
        "y_loc": "24",
        "icon": "Sheep_Icon.png"
    },
    {
        "class": "Rogue",
        "set": "03",
        "rank": "1",
        "region": "Lower La Noscea",
        "area": "Moraby Bay",
        "enemy": "Aurelia",
        "num": "3",
        "x_loc": "24",
        "y_loc": "26",
        "icon": "Jellyfish_Icon.png"
    },
    {
        "class": "Rogue",
        "set": "04",
        "rank": "1",
        "region": "Lower La Noscea",
        "area": "Cedarwood",
        "enemy": "Wild Dodo",
        "num": "3",
        "x_loc": "29",
        "y_loc": "19",
        "icon": "Dodo_Icon.png"
    },
    {
        "class": "Rogue",
        "set": "05",
        "rank": "1",
        "region": "Middle La Noscea",
        "area": "Summerford",
        "enemy": "Pugil",
        "num": "2",
        "x_loc": "20",
        "y_loc": "22",
        "icon": "Pugil_Icon.png"
    },
    {
        "class": "Rogue",
        "set": "05",
        "rank": "1",
        "region": "Middle La Noscea",
        "area": "Summerford",
        "enemy": "Goblin Fisher",
        "num": "1",
        "x_loc": "23",
        "y_loc": "21",
        "icon": "Goblin_Icon.png"
    },
    {
        "class": "Rogue",
        "set": "06",
        "rank": "1",
        "region": "Middle La Noscea",
        "area": "Summerford",
        "enemy": "Tiny Mandragora",
        "num": "3",
        "x_loc": "22",
        "y_loc": "18",
        "icon": "Mandragora_Icon.png"
    },
    {
        "class": "Rogue",
        "set": "07",
        "rank": "1",
        "region": "Lower La Noscea",
        "area": "Cedarwood",
        "enemy": "Cave Bat",
        "num": "3",
        "x_loc": "25",
        "y_loc": "15",
        "icon": "Bat_Icon.png"
    },
    {
        "class": "Rogue",
        "set": "08",
        "rank": "1",
        "region": "Lower La Noscea",
        "area": "Cedarwood",
        "enemy": "Galago",
        "num": "3",
        "x_loc": "29",
        "y_loc": "14",
        "icon": "Opo-opo_Icon.png"
    },
    {
        "class": "Rogue",
        "set": "09",
        "rank": "1",
        "region": "Middle La Noscea",
        "area": "Summerford",
        "enemy": "Grounded Pirate",
        "num": "1",
        "x_loc": "20",
        "y_loc": "16",
        "icon": "Hyur_Icon.png"
    },
    {
        "class": "Rogue",
        "set": "09",
        "rank": "1",
        "region": "Middle La Noscea",
        "area": "Summerford",
        "enemy": "Grounded Raider",
        "num": "1",
        "x_loc": "20",
        "y_loc": "17",
        "icon": "Hyur_Icon.png"
    },
    {
        "class": "Rogue",
        "set": "10",
        "rank": "1",
        "region": "Middle La Noscea",
        "area": "Three-malm Bend",
        "enemy": "Megalocrab",
        "num": "3",
        "x_loc": "14",
        "y_loc": "13",
        "icon": "Rodent_Icon.png"
    },
    {
        "class": "Rogue",
        "set": "11",
        "rank": "2",
        "region": "Lower La Noscea",
        "area": "The God's Grip",
        "enemy": "Wild Jackal",
        "num": "3",
        "x_loc": "22",
        "y_loc": "34",
        "icon": "Rodent_Icon.png"
    },
    {
        "class": "Rogue",
        "set": "12",
        "rank": "2",
        "region": "Western La Noscea",
        "area": "Quarterstone",
        "enemy": "Roseling",
        "num": "1",
        "x_loc": "34",
        "y_loc": "30",
        "icon": "Rodent_Icon.png"
    },
    {
        "class": "Rogue",
        "set": "12",
        "rank": "2",
        "region": "Western La Noscea",
        "area": "Quarterstone",
        "enemy": "Sewer Mole",
        "num": "2",
        "x_loc": "33",
        "y_loc": "28",
        "icon": "Rodent_Icon.png"
    },
    {
        "class": "Rogue",
        "set": "13",
        "rank": "2",
        "region": "Western La Noscea",
        "area": "Quarterstone",
        "enemy": "Fat Dodo",
        "num": "3",
        "x_loc": "32",
        "y_loc": "27",
        "icon": "Dodo_Icon.png"
    },
    {
        "class": "Rogue",
        "set": "14",
        "rank": "2",
        "region": "Lower La Noscea",
        "area": "The God's Grip",
        "enemy": "Moraby Mole",
        "num": "3",
        "x_loc": "21",
        "y_loc": "34",
        "icon": "Mole_Icon.png"
    },
    {
        "class": "Rogue",
        "set": "15",
        "rank": "2",
        "region": "Lower La Noscea",
        "area": "The God's Grip",
        "enemy": "Qiqirn Eggdigger",
        "num": "3",
        "x_loc": "18",
        "y_loc": "35",
        "icon": "Qiqirn_Icon.png"
    },
    {
        "class": "Rogue",
        "set": "16",
        "rank": "2",
        "region": "Western La Noscea",
        "area": "Skull Valley",
        "enemy": "Puk Hatchling",
        "num": "3",
        "x_loc": "28",
        "y_loc": "22",
        "icon": "Puk_Icon.png"
    },
    {
        "class": "Rogue",
        "set": "17",
        "rank": "2",
        "region": "Western La Noscea",
        "area": "Skull Valley",
        "enemy": "Rothlyt Pelican",
        "num": "3",
        "x_loc": "24",
        "y_loc": "22",
        "icon": "Rodent_Icon.png"
    },
    {
        "class": "Rogue",
        "set": "18",
        "rank": "2",
        "region": "Western La Noscea",
        "area": "Skull Valley",
        "enemy": "Killer Mantis",
        "num": "2",
        "x_loc": "21",
        "y_loc": "22",
        "icon": "Mantis_Icon.png"
    },
    {
        "class": "Rogue",
        "set": "18",
        "rank": "2",
        "region": "Western La Noscea",
        "area": "Skull Valley",
        "enemy": "Hedgemole",
        "num": "1",
        "x_loc": "26",
        "y_loc": "23",
        "icon": "Mantis_Icon.png"
    },
    {
        "class": "Rogue",
        "set": "19",
        "rank": "2",
        "region": "Upper La Noscea",
        "area": "Oakwood",
        "enemy": "Wild Wolf",
        "num": "3",
        "x_loc": "13",
        "y_loc": "26",
        "icon": "Wolf_Icon.png"
    },
    {
        "class": "Rogue",
        "set": "20",
        "rank": "2",
        "region": "Upper La Noscea",
        "area": "Oakwood",
        "enemy": "Bumble Beetle",
        "num": "3",
        "x_loc": "12",
        "y_loc": "23",
        "icon": "Beetle_Icon.png"
    },
    {
        "class": "Rogue",
        "set": "21",
        "rank": "3",
        "region": "East Shroud",
        "area": "The Bramble Patch",
        "enemy": "Black Bat",
        "num": "3",
        "x_loc": "17",
        "y_loc": "22",
        "icon": "Bat_Icon.png"
    },
    {
        "class": "Rogue",
        "set": "22",
        "rank": "3",
        "region": "East Shroud",
        "area": "Nine Ivies",
        "enemy": "Gall Gnat",
        "num": "3",
        "x_loc": "22",
        "y_loc": "30",
        "icon": "Gnat_Icon.png"
    },
    {
        "class": "Rogue",
        "set": "23",
        "rank": "3",
        "region": "East Shroud",
        "area": "Nine Ivies",
        "enemy": "Overgrown Ivy",
        "num": "3",
        "x_loc": "22",
        "y_loc": "29",
        "icon": "Rodent_Icon.png"
    },
    {
        "class": "Rogue",
        "set": "24",
        "rank": "3",
        "region": "South Shroud",
        "area": "Upper Paths",
        "enemy": "Bark Eft",
        "num": "3",
        "x_loc": "18",
        "y_loc": "24",
        "icon": "Eft_Icon.png"
    },
    {
        "class": "Rogue",
        "set": "25",
        "rank": "3",
        "region": "South Shroud",
        "area": "Upper Paths",
        "enemy": "Redbelly Larcener",
        "num": "2",
        "x_loc": "23",
        "y_loc": "18",
        "icon": "Rodent_Icon.png"
    },
    {
        "class": "Rogue",
        "set": "25",
        "rank": "3",
        "region": "South Shroud",
        "area": "Upper Paths",
        "enemy": "Redbelly Lookout",
        "num": "1",
        "x_loc": "23",
        "y_loc": "18",
        "icon": "Rodent_Icon.png"
    },
    {
        "class": "Rogue",
        "set": "26",
        "rank": "3",
        "region": "South Shroud",
        "area": "Silent Arbor",
        "enemy": "Antelope Stag",
        "num": "3",
        "x_loc": "26",
        "y_loc": "20",
        "icon": "Antelope_Icon.png"
    },
    {
        "class": "Rogue",
        "set": "27",
        "rank": "3",
        "region": "South Shroud",
        "area": "Silent Arbor",
        "enemy": "River Yarzon",
        "num": "3",
        "x_loc": "23",
        "y_loc": "22",
        "icon": "Rodent_Icon.png"
    },
    {
        "class": "Rogue",
        "set": "28",
        "rank": "3",
        "region": "Southern Thanalan",
        "area": "Broken Water",
        "enemy": "Corpse Brigade Knuckledancer",
        "num": "2",
        "x_loc": "24",
        "y_loc": "11",
        "icon": "Hyur_Icon.png"
    },
    {
        "class": "Rogue",
        "set": "28",
        "rank": "3",
        "region": "Southern Thanalan",
        "area": "Broken Water",
        "enemy": "Corpse Brigade Firedancer",
        "num": "2",
        "x_loc": "24",
        "y_loc": "11",
        "icon": "Hyur_Icon.png"
    },
    {
        "class": "Rogue",
        "set": "29",
        "rank": "3",
        "region": "South Shroud",
        "area": "Silent Arbor",
        "enemy": "Coeurlclaw Cutter",
        "num": "2",
        "x_loc": "28",
        "y_loc": "21",
        "icon": "Miqo%27te_Icon.png"
    },
    {
        "class": "Rogue",
        "set": "29",
        "rank": "3",
        "region": "South Shroud",
        "area": "Silent Arbor",
        "enemy": "Coeurlclaw Hunter",
        "num": "2",
        "x_loc": "28",
        "y_loc": "21",
        "icon": "Miqo%27te_Icon.png"
    },
    {
        "class": "Rogue",
        "set": "30",
        "rank": "3",
        "region": "Southern Thanalan",
        "area": "Broken Water",
        "enemy": "Sandstone Golem",
        "num": "3",
        "x_loc": "22",
        "y_loc": "12",
        "icon": "Golem_Icon.png"
    },
    {
        "class": "Rogue",
        "set": "31",
        "rank": "4",
        "region": "Eastern La Noscea",
        "area": "Bloodshore",
        "enemy": "Large Buffalo",
        "num": "3",
        "x_loc": "28",
        "y_loc": "30",
        "icon": "Buffalo_Icon.png"
    },
    {
        "class": "Rogue",
        "set": "32",
        "rank": "4",
        "region": "Eastern La Noscea",
        "area": "Raincatcher Gully",
        "enemy": "Grass Raptor",
        "num": "3",
        "x_loc": "16",
        "y_loc": "25",
        "icon": "Raptor_Icon.png"
    },
    {
        "class": "Rogue",
        "set": "33",
        "rank": "4",
        "region": "Eastern La Noscea",
        "area": "Bloodshore",
        "enemy": "Qiqirn Gullroaster",
        "num": "2",
        "x_loc": "27",
        "y_loc": "33",
        "icon": "Qiqirn_Icon.png"
    },
    {
        "class": "Rogue",
        "set": "33",
        "rank": "4",
        "region": "Eastern La Noscea",
        "area": "Bloodshore",
        "enemy": "Colibri",
        "num": "2",
        "x_loc": "31",
        "y_loc": "24",
        "icon": "Qiqirn_Icon.png"
    },
    {
        "class": "Rogue",
        "set": "34",
        "rank": "4",
        "region": "Outer La Noscea",
        "area": "The Long Climb",
        "enemy": "Coeurl",
        "num": "1",
        "x_loc": "16",
        "y_loc": "16",
        "icon": "Coeurl_Icon.png"
    },
    {
        "class": "Rogue",
        "set": "34",
        "rank": "4",
        "region": "Outer La Noscea",
        "area": "The Long Climb",
        "enemy": "Highland Condor",
        "num": "2",
        "x_loc": "15",
        "y_loc": "17",
        "icon": "Coeurl_Icon.png"
    },
    {
        "class": "Rogue",
        "set": "35",
        "rank": "4",
        "region": "Outer La Noscea",
        "area": "The Long Climb",
        "enemy": "Basalt Golem",
        "num": "3",
        "x_loc": "13",
        "y_loc": "15",
        "icon": "Golem_Icon.png"
    },
    {
        "class": "Rogue",
        "set": "36",
        "rank": "4",
        "region": "Outer La Noscea",
        "area": "The Long Climb",
        "enemy": "Velociraptor",
        "num": "4",
        "x_loc": "19",
        "y_loc": "15",
        "icon": "Raptor_Icon.png"
    },
    {
        "class": "Rogue",
        "set": "37",
        "rank": "4",
        "region": "Coerthas Central Highlands",
        "area": "Dragonhead",
        "enemy": "Highland Goobbue",
        "num": "2",
        "x_loc": "25",
        "y_loc": "20",
        "icon": "Goobbue_Icon.png"
    },
    {
        "class": "Rogue",
        "set": "37",
        "rank": "4",
        "region": "Coerthas Central Highlands",
        "area": "Dragonhead",
        "enemy": "Feral Croc",
        "num": "2",
        "x_loc": "25",
        "y_loc": "20",
        "icon": "Goobbue_Icon.png"
    },
    {
        "class": "Rogue",
        "set": "38",
        "rank": "4",
        "region": "Coerthas Central Highlands",
        "area": "Providence Point",
        "enemy": "Redhorn Ogre",
        "num": "3",
        "x_loc": "26",
        "y_loc": "12",
        "icon": "Ogre_Icon.png"
    },
    {
        "class": "Rogue",
        "set": "39",
        "rank": "4",
        "region": "Coerthas Central Highlands",
        "area": "Providence Point",
        "enemy": "Taurus",
        "num": "3",
        "x_loc": "32",
        "y_loc": "12",
        "icon": "Taurus_Icon.png"
    },
    {
        "class": "Rogue",
        "set": "40",
        "rank": "4",
        "region": "Coerthas Central Highlands",
        "area": "Whitebrim",
        "enemy": "Chinchilla",
        "num": "2",
        "x_loc": "16",
        "y_loc": "19",
        "icon": "Rodent_Icon.png"
    },
    {
        "class": "Rogue",
        "set": "40",
        "rank": "4",
        "region": "Coerthas Central Highlands",
        "area": "Whitebrim",
        "enemy": "Bateleur",
        "num": "2",
        "x_loc": "16",
        "y_loc": "19",
        "icon": "Rodent_Icon.png"
    },
    {
        "class": "Rogue",
        "set": "41",
        "rank": "5",
        "region": "Eastern Thanalan",
        "area": "The Burning Wall",
        "enemy": "Golden Fleece",
        "num": "4",
        "x_loc": "26",
        "y_loc": "25",
        "icon": "Rodent_Icon.png"
    },
    {
        "class": "Rogue",
        "set": "42",
        "rank": "5",
        "region": "Eastern Thanalan",
        "area": "The Burning Wall",
        "enemy": "Quartz Doblyn",
        "num": "4",
        "x_loc": "30",
        "y_loc": "25",
        "icon": "Rodent_Icon.png"
    },
    {
        "class": "Rogue",
        "set": "43",
        "rank": "5",
        "region": "Mor Dhona",
        "area": "Fogfens",
        "enemy": "Nix",
        "num": "4",
        "x_loc": "19",
        "y_loc": "9",
        "icon": "Rodent_Icon.png"
    },
    {
        "class": "Rogue",
        "set": "44",
        "rank": "5",
        "region": "Mor Dhona",
        "area": "Fogfens",
        "enemy": "Mudpuppy",
        "num": "4",
        "x_loc": "13",
        "y_loc": "11",
        "icon": "Rodent_Icon.png"
    },
    {
        "class": "Rogue",
        "set": "45",
        "rank": "5",
        "region": "Mor Dhona",
        "area": "Fogfens",
        "enemy": "Daring Harrier",
        "num": "2",
        "x_loc": "16",
        "y_loc": "15",
        "icon": "Heretic_Icon.png"
    },
    {
        "class": "Rogue",
        "set": "45",
        "rank": "5",
        "region": "Mor Dhona",
        "area": "Fogfens",
        "enemy": "Raging Harrier",
        "num": "2",
        "x_loc": "16",
        "y_loc": "15",
        "icon": "Heretic_Icon.png"
    },
    {
        "class": "Rogue",
        "set": "46",
        "rank": "5",
        "region": "Mor Dhona",
        "area": "North Silvertear",
        "enemy": "Gigas Shramana",
        "num": "2",
        "x_loc": "27",
        "y_loc": "11",
        "icon": "Gigas_Icon.png"
    },
    {
        "class": "Rogue",
        "set": "46",
        "rank": "5",
        "region": "Mor Dhona",
        "area": "North Silvertear",
        "enemy": "Gigas Sozu",
        "num": "2",
        "x_loc": "27",
        "y_loc": "11",
        "icon": "Gigas_Icon.png"
    },
    {
        "class": "Rogue",
        "set": "47",
        "rank": "5",
        "region": "Mor Dhona",
        "area": "North Silvertear",
        "enemy": "Hippogryph",
        "num": "4",
        "x_loc": "27",
        "y_loc": "10",
        "icon": "Hippogryph_Icon.png"
    },
    {
        "class": "Rogue",
        "set": "48",
        "rank": "5",
        "region": "Mor Dhona",
        "area": "North Silvertear",
        "enemy": "Hapalit",
        "num": "4",
        "x_loc": "31",
        "y_loc": "5",
        "icon": "Ogre_Icon.png"
    },
    {
        "class": "Rogue",
        "set": "49",
        "rank": "5",
        "region": "Eastern La Noscea",
        "area": "Agelyss Wise",
        "enemy": "2nd Cohort Eques",
        "num": "2",
        "x_loc": "29",
        "y_loc": "20",
        "icon": "Imperial_Icon.png"
    },
    {
        "class": "Rogue",
        "set": "49",
        "rank": "5",
        "region": "Eastern La Noscea",
        "area": "Agelyss Wise",
        "enemy": "2nd Cohort Signifer",
        "num": "2",
        "x_loc": "29",
        "y_loc": "20",
        "icon": "Imperial_Icon.png"
    },
    {
        "class": "Rogue",
        "set": "50",
        "rank": "5",
        "region": "Eastern La Noscea",
        "area": "Agelyss Wise",
        "enemy": "2nd Cohort Secutor",
        "num": "2",
        "x_loc": "30",
        "y_loc": "19",
        "icon": "Imperial_Icon.png"
    },
    {
        "class": "Rogue",
        "set": "50",
        "rank": "5",
        "region": "Eastern La Noscea",
        "area": "Agelyss Wise",
        "enemy": "2nd Cohort Vanguard",
        "num": "2",
        "x_loc": "30",
        "y_loc": "19",
        "icon": "Imperial_Icon.png"
    }
]