[
    {
        "class": "Thaumaturge",
        "set": "01",
        "rank": "1",
        "region": "Western Thanalan",
        "area": "The Eighty Sins of Sasamo",
        "enemy": "Little Ladybug",
        "num": "3",
        "x_loc": "28",
        "y_loc": "24",
        "icon": "Ladybug_Icon.png"
    },
    {
        "class": "Thaumaturge",
        "set": "02",
        "rank": "1",
        "region": "Central Thanalan",
        "area": "Spineless Basin",
        "enemy": "Huge Hornet",
        "num": "3",
        "x_loc": "22",
        "y_loc": "27",
        "icon": "Giant_Hornet_Icon.png"
    },
    {
        "class": "Thaumaturge",
        "set": "03",
        "rank": "1",
        "region": "Western Thanalan",
        "area": "The Eighty Sins of Sasamo",
        "enemy": "Cactuar",
        "num": "3",
        "x_loc": "27",
        "y_loc": "24",
        "icon": "Cactuar_Icon.png"
    },
    {
        "class": "Thaumaturge",
        "set": "04",
        "rank": "1",
        "region": "Central Thanalan",
        "area": "Spineless Basic",
        "enemy": "Snapping Shrew",
        "num": "3",
        "x_loc": "24",
        "y_loc": "30",
        "icon": "Mole_Icon.png"
    },
    {
        "class": "Thaumaturge",
        "set": "05",
        "rank": "1",
        "region": "Central Thanalan",
        "area": "Black Brush",
        "enemy": "Syrphid Cloud",
        "num": "3",
        "x_loc": "18",
        "y_loc": "21",
        "icon": "Beetle_Icon.png"
    },
    {
        "class": "Thaumaturge",
        "set": "06",
        "rank": "1",
        "region": "Western Thanalan",
        "area": "Hammerlea",
        "enemy": "Yarzon Feeder",
        "num": "3",
        "x_loc": "24",
        "y_loc": "27",
        "icon": "Beetle_Icon.png"
    },
    {
        "class": "Thaumaturge",
        "set": "07",
        "rank": "1",
        "region": "Western Thanalan",
        "area": "Hammerlea",
        "enemy": "Rusty Coblyn",
        "num": "3",
        "x_loc": "20",
        "y_loc": "28",
        "icon": "Coblyn_Icon.png"
    },
    {
        "class": "Thaumaturge",
        "set": "08",
        "rank": "1",
        "region": "Central Thanalan",
        "area": "Sil'dih Excavation Site",
        "enemy": "Spriggan Graverobber",
        "num": "3",
        "x_loc": "16",
        "y_loc": "23",
        "icon": "Spriggan_Icon.png"
    },
    {
        "class": "Thaumaturge",
        "set": "09",
        "rank": "1",
        "region": "Central Thanalan",
        "area": "The Rat's Nest",
        "enemy": "Qiqirn Shellsweeper",
        "num": "3",
        "x_loc": "17",
        "y_loc": "19",
        "icon": "Qiqirn_Icon.png"
    },
    {
        "class": "Thaumaturge",
        "set": "10",
        "rank": "1",
        "region": "Central Thanalan",
        "area": "The Clutch",
        "enemy": "Sun Bat",
        "num": "3",
        "x_loc": "26",
        "y_loc": "18",
        "icon": "Bat_Icon.png"
    },
    {
        "class": "Thaumaturge",
        "set": "11",
        "rank": "2",
        "region": "Western Thanalan",
        "area": "Horizon's Edge",
        "enemy": "Bomb",
        "num": "3",
        "x_loc": "27",
        "y_loc": "16",
        "icon": "Bomb_Icon.png"
    },
    {
        "class": "Thaumaturge",
        "set": "11",
        "rank": "2",
        "region": "Western Thanalan",
        "area": "Horizon's Edge",
        "enemy": "Copper Coblyn",
        "num": "2",
        "x_loc": "27",
        "y_loc": "16",
        "icon": "Bomb_Icon.png"
    },
    {
        "class": "Thaumaturge",
        "set": "12",
        "rank": "2",
        "region": "Central Thanalan",
        "area": "The Clutch",
        "enemy": "Cochineal Cactuar",
        "num": "3",
        "x_loc": "23",
        "y_loc": "19",
        "icon": "Cactuar_Icon.png"
    },
    {
        "class": "Thaumaturge",
        "set": "12",
        "rank": "2",
        "region": "Central Thanalan",
        "area": "The Clutch",
        "enemy": "Quiveron Attendant",
        "num": "2",
        "x_loc": "23",
        "y_loc": "20",
        "icon": "Cactuar_Icon.png"
    },
    {
        "class": "Thaumaturge",
        "set": "13",
        "rank": "2",
        "region": "Central Thanalan",
        "area": "Black Brush",
        "enemy": "Antling Sentry",
        "num": "3",
        "x_loc": "16",
        "y_loc": "14",
        "icon": "Antling_Icon.png"
    },
    {
        "class": "Thaumaturge",
        "set": "13",
        "rank": "2",
        "region": "Western Thanalan",
        "area": "The Eighty Sins of Sasamo",
        "enemy": "Giant Tortoise",
        "num": "2",
        "x_loc": "21",
        "y_loc": "26",
        "icon": "Antling_Icon.png"
    },
    {
        "class": "Thaumaturge",
        "set": "14",
        "rank": "2",
        "region": "Western Thanalan",
        "area": "The Footfalls",
        "enemy": "Thickshell",
        "num": "3",
        "x_loc": "16",
        "y_loc": "16",
        "icon": "Crab_Icon.png"
    },
    {
        "class": "Thaumaturge",
        "set": "15",
        "rank": "2",
        "region": "Central Thanalan",
        "area": "The Clutch",
        "enemy": "Toxic Toad",
        "num": "3",
        "x_loc": "27",
        "y_loc": "18",
        "icon": "Gigantoad_Icon.png"
    },
    {
        "class": "Thaumaturge",
        "set": "16",
        "rank": "2",
        "region": "Eastern Thanalan",
        "area": "Sandgate",
        "enemy": "Tuco-tuco",
        "num": "3",
        "x_loc": "15",
        "y_loc": "24",
        "icon": "Mole_Icon.png"
    },
    {
        "class": "Thaumaturge",
        "set": "17",
        "rank": "2",
        "region": "Eastern Thanalan",
        "area": "Drybone",
        "enemy": "Myotragus Nanny",
        "num": "3",
        "x_loc": "18",
        "y_loc": "22",
        "icon": "Aldgoat_Icon.png"
    },
    {
        "class": "Thaumaturge",
        "set": "18",
        "rank": "2",
        "region": "Eastern Thanalan",
        "area": "Drybone",
        "enemy": "Blowfly Swarm",
        "num": "3",
        "x_loc": "12",
        "y_loc": "21",
        "icon": "Beetle_Icon.png"
    },
    {
        "class": "Thaumaturge",
        "set": "19",
        "rank": "2",
        "region": "Eastern Thanalan",
        "area": "Drybone",
        "enemy": "Rotting Corpse",
        "num": "1",
        "x_loc": "15",
        "y_loc": "16",
        "icon": "Fomor_Icon.png"
    },
    {
        "class": "Thaumaturge",
        "set": "20",
        "rank": "2",
        "region": "Western Thanalan",
        "area": "The Footfalls",
        "enemy": "Bloated Bogy",
        "num": "3",
        "x_loc": "13",
        "y_loc": "11",
        "icon": "Ghost_Icon.png"
    },
    {
        "class": "Thaumaturge",
        "set": "21",
        "rank": "3",
        "region": "East Shroud",
        "area": "Nine Ivies",
        "enemy": "Overgrown Ivy",
        "num": "4",
        "x_loc": "23",
        "y_loc": "29",
        "icon": "Beetle_Icon.png"
    },
    {
        "class": "Thaumaturge",
        "set": "21",
        "rank": "3",
        "region": "South Shroud",
        "area": "Upper Paths",
        "enemy": "Kedtrap",
        "num": "2",
        "x_loc": "21",
        "y_loc": "20",
        "icon": "Beetle_Icon.png"
    },
    {
        "class": "Thaumaturge",
        "set": "22",
        "rank": "3",
        "region": "Upper La Noscea",
        "area": "Oakwood",
        "enemy": "Forest Yarzon",
        "num": "4",
        "x_loc": "11",
        "y_loc": "21",
        "icon": "Beetle_Icon.png"
    },
    {
        "class": "Thaumaturge",
        "set": "22",
        "rank": "3",
        "region": "Western Thanalan",
        "area": "The Footfalls",
        "enemy": "Yarzon Scavenger",
        "num": "2",
        "x_loc": "15",
        "y_loc": "8",
        "icon": "Beetle_Icon.png"
    },
    {
        "class": "Thaumaturge",
        "set": "23",
        "rank": "3",
        "region": "Western Thanalan",
        "area": "The Footfalls",
        "enemy": "Laughing Toad",
        "num": "4",
        "x_loc": "15",
        "y_loc": "7",
        "icon": "Gigantoad_Icon.png"
    },
    {
        "class": "Thaumaturge",
        "set": "23",
        "rank": "3",
        "region": "South Shroud",
        "area": "Upper Paths",
        "enemy": "Bark Eft",
        "num": "2",
        "x_loc": "17",
        "y_loc": "24",
        "icon": "Gigantoad_Icon.png"
    },
    {
        "class": "Thaumaturge",
        "set": "24",
        "rank": "3",
        "region": "East Shroud",
        "area": "The Bramble Patch",
        "enemy": "Jumping Djigga",
        "num": "4",
        "x_loc": "15",
        "y_loc": "21",
        "icon": "Beetle_Icon.png"
    },
    {
        "class": "Thaumaturge",
        "set": "24",
        "rank": "3",
        "region": "East Shroud",
        "area": "The Bramble Patch",
        "enemy": "Glowfly",
        "num": "2",
        "x_loc": "15",
        "y_loc": "21",
        "icon": "Beetle_Icon.png"
    },
    {
        "class": "Thaumaturge",
        "set": "25",
        "rank": "3",
        "region": "South Shroud",
        "area": "Silent Arbor",
        "enemy": "River Yarzon",
        "num": "4",
        "x_loc": "23",
        "y_loc": "22",
        "icon": "Beetle_Icon.png"
    },
    {
        "class": "Thaumaturge",
        "set": "26",
        "rank": "3",
        "region": "Southern Thanalan",
        "area": "Broken Water",
        "enemy": "Potter Wasp Swarm",
        "num": "4",
        "x_loc": "20",
        "y_loc": "9",
        "icon": "Swarm_Icon.png"
    },
    {
        "class": "Thaumaturge",
        "set": "27",
        "rank": "3",
        "region": "Eastern Thanalan",
        "area": "Wellwick Wood",
        "enemy": "Phurble",
        "num": "4",
        "x_loc": "23",
        "y_loc": "20",
        "icon": "Snurble_Icon.png"
    },
    {
        "class": "Thaumaturge",
        "set": "28",
        "rank": "3",
        "region": "Southern Thanalan",
        "area": "Broken Water",
        "enemy": "Corpse Brigade Knuckledancer",
        "num": "4",
        "x_loc": "24",
        "y_loc": "9",
        "icon": "Hyur_Icon.png"
    },
    {
        "class": "Thaumaturge",
        "set": "29",
        "rank": "3",
        "region": "Southern Thanalan",
        "area": "The Red Labyrinth",
        "enemy": "Fire Sprite",
        "num": "4",
        "x_loc": "13",
        "y_loc": "20",
        "icon": "Fire_Elemental_Icon.png"
    },
    {
        "class": "Thaumaturge",
        "set": "30",
        "rank": "3",
        "region": "Central Shroud",
        "area": "Sorrel Haven",
        "enemy": "Stroper",
        "num": "4",
        "x_loc": "12",
        "y_loc": "21",
        "icon": "Morbol_Icon.png"
    },
    {
        "class": "Thaumaturge",
        "set": "31",
        "rank": "4",
        "region": "Upper La Noscea",
        "area": "Bronze Lake",
        "enemy": "Mamool Ja Executioner",
        "num": "5",
        "x_loc": "27",
        "y_loc": "23",
        "icon": "Beetle_Icon.png"
    },
    {
        "class": "Thaumaturge",
        "set": "31",
        "rank": "4",
        "region": "South Shroud",
        "area": "Lower Paths",
        "enemy": "Adamantoise",
        "num": "2",
        "x_loc": "16",
        "y_loc": "30",
        "icon": "Beetle_Icon.png"
    },
    {
        "class": "Thaumaturge",
        "set": "32",
        "rank": "4",
        "region": "Southern Thanalan",
        "area": "Sagolii Desert",
        "enemy": "Russet Yarzon",
        "num": "5",
        "x_loc": "14",
        "y_loc": "32",
        "icon": "Yarzon_Icon.png"
    },
    {
        "class": "Thaumaturge",
        "set": "32",
        "rank": "4",
        "region": "Central Shroud",
        "area": "Sorrel Haven",
        "enemy": "Revenant",
        "num": "2",
        "x_loc": "12",
        "y_loc": "20",
        "icon": "Yarzon_Icon.png"
    },
    {
        "class": "Thaumaturge",
        "set": "33",
        "rank": "4",
        "region": "Southern Thanalan",
        "area": "Sagolii Desert",
        "enemy": "Smoke Bomb",
        "num": "5",
        "x_loc": "19",
        "y_loc": "35",
        "icon": "Bomb_Icon.png"
    },
    {
        "class": "Thaumaturge",
        "set": "33",
        "rank": "4",
        "region": "Eastern La Noscea",
        "area": "Raincatcher Gully",
        "enemy": "Dung Midge Swarm",
        "num": "2",
        "x_loc": "18",
        "y_loc": "28",
        "icon": "Bomb_Icon.png"
    },
    {
        "class": "Thaumaturge",
        "set": "34",
        "rank": "4",
        "region": "Eastern La Noscea",
        "area": "Raincatcher Gully",
        "enemy": "Gigantoad",
        "num": "5",
        "x_loc": "18",
        "y_loc": "26",
        "icon": "Gigantoad_Icon.png"
    },
    {
        "class": "Thaumaturge",
        "set": "34",
        "rank": "4",
        "region": "Central Shroud",
        "area": "The Standing Corses",
        "enemy": "Spriggan",
        "num": "2",
        "x_loc": "11",
        "y_loc": "16",
        "icon": "Gigantoad_Icon.png"
    },
    {
        "class": "Thaumaturge",
        "set": "35",
        "rank": "4",
        "region": "Upper La Noscea",
        "area": "Bronze Lake",
        "enemy": "Salamander",
        "num": "5",
        "x_loc": "28",
        "y_loc": "24",
        "icon": "Beetle_Icon.png"
    },
    {
        "class": "Thaumaturge",
        "set": "36",
        "rank": "4",
        "region": "Outer La Noscea",
        "area": "Iron Lake",
        "enemy": "Plasmoid",
        "num": "5",
        "x_loc": "25",
        "y_loc": "18",
        "icon": "Plasmoid_Icon.png"
    },
    {
        "class": "Thaumaturge",
        "set": "37",
        "rank": "4",
        "region": "Coerthas Central Highlands",
        "area": "Dragonhead",
        "enemy": "Ice Sprite",
        "num": "5",
        "x_loc": "20",
        "y_loc": "31",
        "icon": "Beetle_Icon.png"
    },
    {
        "class": "Thaumaturge",
        "set": "38",
        "rank": "4",
        "region": "Coerthas Central Highlands",
        "area": "Dragonhead",
        "enemy": "Feral Croc",
        "num": "5",
        "x_loc": "26",
        "y_loc": "24",
        "icon": "Croc_Icon.png"
    },
    {
        "class": "Thaumaturge",
        "set": "39",
        "rank": "4",
        "region": "South Shroud",
        "area": "Snakemolt",
        "enemy": "Will-o'-the-Wisp",
        "num": "5",
        "x_loc": "23",
        "y_loc": "24",
        "icon": "Wisp_Icon.png"
    },
    {
        "class": "Thaumaturge",
        "set": "40",
        "rank": "4",
        "region": "Eastern Thanalan",
        "area": "The Burning Wall",
        "enemy": "Golden Fleece",
        "num": "5",
        "x_loc": "27",
        "y_loc": "24",
        "icon": "Beetle_Icon.png"
    },
    {
        "class": "Thaumaturge",
        "set": "41",
        "rank": "5",
        "region": "Coerthas Central Highlands",
        "area": "Whitebrim",
        "enemy": "Dragonfly",
        "num": "6",
        "x_loc": "9",
        "y_loc": "14",
        "icon": "Dragonfly_Icon.png"
    },
    {
        "class": "Thaumaturge",
        "set": "41",
        "rank": "5",
        "region": "East Shroud",
        "area": "Larkscall",
        "enemy": "Old-Growth Treant",
        "num": "2",
        "x_loc": "25",
        "y_loc": "20",
        "icon": "Dragonfly_Icon.png"
    },
    {
        "class": "Thaumaturge",
        "set": "42",
        "rank": "5",
        "region": "Western La Noscea",
        "area": "The Isles of Umbra",
        "enemy": "Dead Man's Moan",
        "num": "6",
        "x_loc": "15",
        "y_loc": "34",
        "icon": "Wight_Icon.png"
    },
    {
        "class": "Thaumaturge",
        "set": "42",
        "rank": "5",
        "region": "Central Shroud",
        "area": "The Standing Corses",
        "enemy": "Crater Golem",
        "num": "1",
        "x_loc": "10",
        "y_loc": "16",
        "icon": "Wight_Icon.png"
    },
    {
        "class": "Thaumaturge",
        "set": "43",
        "rank": "5",
        "region": "East Shroud",
        "area": "Larkscall",
        "enemy": "Morbol",
        "num": "6",
        "x_loc": "23",
        "y_loc": "21",
        "icon": "Morbol_Icon.png"
    },
    {
        "class": "Thaumaturge",
        "set": "43",
        "rank": "5",
        "region": "East Shroud",
        "area": "Larkscall",
        "enemy": "3rd Cohort Secutor",
        "num": "2",
        "x_loc": "32",
        "y_loc": "20",
        "icon": "Morbol_Icon.png"
    },
    {
        "class": "Thaumaturge",
        "set": "44",
        "rank": "5",
        "region": "Mor Dhona",
        "area": "Fogfens",
        "enemy": "Nix",
        "num": "6",
        "x_loc": "19",
        "y_loc": "9",
        "icon": "Beetle_Icon.png"
    },
    {
        "class": "Thaumaturge",
        "set": "44",
        "rank": "5",
        "region": "South Shroud",
        "area": "Urth's Gift",
        "enemy": "Lesser Kalong",
        "num": "2",
        "x_loc": "28",
        "y_loc": "22",
        "icon": "Beetle_Icon.png"
    },
    {
        "class": "Thaumaturge",
        "set": "45",
        "rank": "5",
        "region": "Coerthas Central Highlands",
        "area": "Boulder Downs",
        "enemy": "Giant Logger",
        "num": "3",
        "x_loc": "13",
        "y_loc": "25",
        "icon": "Giant_Icon.png"
    },
    {
        "class": "Thaumaturge",
        "set": "45",
        "rank": "5",
        "region": "Mor Dhona",
        "area": "North Silvertear",
        "enemy": "Gigas Sozu",
        "num": "2",
        "x_loc": "29",
        "y_loc": "14",
        "icon": "Giant_Icon.png"
    },
    {
        "class": "Thaumaturge",
        "set": "46",
        "rank": "5",
        "region": "Southern Thanalan",
        "area": "Zanr'ak",
        "enemy": "Iron Tortoise",
        "num": "6",
        "x_loc": "19",
        "y_loc": "23",
        "icon": "Adamantoise_Icon.png"
    },
    {
        "class": "Thaumaturge",
        "set": "47",
        "rank": "5",
        "region": "Outer La Noscea",
        "area": "U'Ghamaro Mines",
        "enemy": "Synthetic Doblyn",
        "num": "6",
        "x_loc": "23",
        "y_loc": "8",
        "icon": "Beetle_Icon.png"
    },
    {
        "class": "Thaumaturge",
        "set": "48",
        "rank": "5",
        "region": "South Shroud",
        "area": "Urth's Gift",
        "enemy": "Ked",
        "num": "6",
        "x_loc": "32",
        "y_loc": "24",
        "icon": "Beetle_Icon.png"
    },
    {
        "class": "Thaumaturge",
        "set": "49",
        "rank": "5",
        "region": "Western Thanalan",
        "area": "Cape Westwind",
        "enemy": "4th Cohort Hoplomachus",
        "num": "6",
        "x_loc": "12",
        "y_loc": "7",
        "icon": "Imperial_Icon.png"
    },
    {
        "class": "Thaumaturge",
        "set": "50",
        "rank": "5",
        "region": "Eastern La Noscea",
        "area": "Agelyss Wise",
        "enemy": "2nd Cohort Signifer",
        "num": "6",
        "x_loc": "27",
        "y_loc": "21",
        "icon": "Imperial_Icon.png"
    }
]