[
    {
        "class": "Order of the Twin Adder",
        "set": "01",
        "rank": "1",
        "region": "Eastern Thanalan",
        "area": "Sandgate",
        "enemy": "Amalj'aa Javelinier",
        "num": "3",
        "x_loc": "19",
        "y_loc": "27",
        "icon": "Amalj%27aa_Icon.png"
    },
    {
        "class": "Order of the Twin Adder",
        "set": "02",
        "rank": "1",
        "region": "Eastern Thanalan",
        "area": "Halatali (Dungeon)",
        "enemy": "Heckler Imp",
        "num": "5",
        "x_loc": "14",
        "y_loc": "30",
        "icon": "Imp_Icon.png"
    },
    {
        "class": "Order of the Twin Adder",
        "set": "03",
        "rank": "1",
        "region": "Eastern Thanalan",
        "area": "Halatali (Dungeon)",
        "enemy": "Scythe Mantis",
        "num": "5",
        "x_loc": "14",
        "y_loc": "30",
        "icon": "Mantis_Icon.png"
    },
    {
        "class": "Order of the Twin Adder",
        "set": "04",
        "rank": "1",
        "region": "Eastern Thanalan",
        "area": "Halatali (Dungeon)",
        "enemy": "Coliseum Python",
        "num": "5",
        "x_loc": "14",
        "y_loc": "30",
        "icon": "Serpent_Icon.png"
    },
    {
        "class": "Order of the Twin Adder",
        "set": "05",
        "rank": "1",
        "region": "East Shroud",
        "area": "The Bramble Patch",
        "enemy": "Sylvan Scream",
        "num": "3",
        "x_loc": "19",
        "y_loc": "21",
        "icon": "Sylph_Icon.png"
    },
    {
        "class": "Order of the Twin Adder",
        "set": "06",
        "rank": "1",
        "region": "Upper La Noscea",
        "area": "Oakwood",
        "enemy": "Kobold Pickman",
        "num": "3",
        "x_loc": "13",
        "y_loc": "22",
        "icon": "Kobold_Icon.png"
    },
    {
        "class": "Order of the Twin Adder",
        "set": "07",
        "rank": "1",
        "region": "Southern Thanalan",
        "area": "Broken Water",
        "enemy": "Amalj'aa Bruiser",
        "num": "3",
        "x_loc": "21",
        "y_loc": "14",
        "icon": "Amalj%27aa_Icon.png"
    },
    {
        "class": "Order of the Twin Adder",
        "set": "08",
        "rank": "1",
        "region": "North Shroud",
        "area": "Alder Springs",
        "enemy": "Ixali Deftalon",
        "num": "3",
        "x_loc": "22",
        "y_loc": "28",
        "icon": "Ixal_Icon.png"
    },
    {
        "class": "Order of the Twin Adder",
        "set": "09",
        "rank": "1",
        "region": "Eastern Thanalan",
        "area": "Wellwick Wood",
        "enemy": "Amalj'aa Ranger",
        "num": "3",
        "x_loc": "24",
        "y_loc": "20",
        "icon": "Amalj%27aa_Icon.png"
    },
    {
        "class": "Order of the Twin Adder",
        "set": "10",
        "rank": "1",
        "region": "Coerthas Central Highlands",
        "area": "Dragonhead",
        "enemy": "Ixali Fearcaller",
        "num": "1",
        "x_loc": "31",
        "y_loc": "28",
        "icon": "Ixal_Icon.png"
    },
    {
        "class": "Order of the Twin Adder",
        "set": "11",
        "rank": "2",
        "region": "Southern Thanalan",
        "area": "Sagolii Desert",
        "enemy": "Amalj'aa Sniper",
        "num": "3",
        "x_loc": "24",
        "y_loc": "34",
        "icon": "Amalj%27aa_Icon.png"
    },
    {
        "class": "Order of the Twin Adder",
        "set": "12",
        "rank": "2",
        "region": "Eastern La Noscea",
        "area": "Bloodshore",
        "enemy": "Kobold Missionary",
        "num": "3",
        "x_loc": "28",
        "y_loc": "26",
        "icon": "Kobold_Icon.png"
    },
    {
        "class": "Order of the Twin Adder",
        "set": "13",
        "rank": "2",
        "region": "Upper La Noscea",
        "area": "Bronze Lake",
        "enemy": "Kobold Sidesman",
        "num": "3",
        "x_loc": "26",
        "y_loc": "19",
        "icon": "Kobold_Icon.png"
    },
    {
        "class": "Order of the Twin Adder",
        "set": "14",
        "rank": "2",
        "region": "Southern Thanalan",
        "area": "The Sunken Temple of Qarn (Dungeon)",
        "enemy": "Temple Bee",
        "num": "4",
        "x_loc": "25",
        "y_loc": "12",
        "icon": "Giant_Hornet_Icon.png"
    },
    {
        "class": "Order of the Twin Adder",
        "set": "15",
        "rank": "2",
        "region": "Southern Thanalan",
        "area": "The Sunken Temple of Qarn (Dungeon)",
        "enemy": "Temple Guardian",
        "num": "1",
        "x_loc": "25",
        "y_loc": "12",
        "icon": "Golem_Icon.png"
    },
    {
        "class": "Order of the Twin Adder",
        "set": "16",
        "rank": "2",
        "region": "Outer La Noscea",
        "area": "Iron Lake",
        "enemy": "Kobold Roundsman",
        "num": "3",
        "x_loc": "22",
        "y_loc": "14",
        "icon": "Kobold_Icon.png"
    },
    {
        "class": "Order of the Twin Adder",
        "set": "17",
        "rank": "2",
        "region": "East Shroud",
        "area": "Larkscall",
        "enemy": "Sylpheed Snarl",
        "num": "3",
        "x_loc": "23",
        "y_loc": "20",
        "icon": "Sylph_Icon.png"
    },
    {
        "class": "Order of the Twin Adder",
        "set": "18",
        "rank": "2",
        "region": "Western La Noscea",
        "area": "Halfstone",
        "enemy": "Shelfclaw Sahagin",
        "num": "3",
        "x_loc": "18",
        "y_loc": "21",
        "icon": "Sahagin_Icon.png"
    },
    {
        "class": "Order of the Twin Adder",
        "set": "19",
        "rank": "2",
        "region": "Southern Thanalan",
        "area": "Zanr'ak",
        "enemy": "Amalj'aa Lancer",
        "num": "3",
        "x_loc": "22",
        "y_loc": "16",
        "icon": "Amalj%27aa_Icon.png"
    },
    {
        "class": "Order of the Twin Adder",
        "set": "20",
        "rank": "2",
        "region": "Outer La Noscea",
        "area": "U'Ghamaro Mines",
        "enemy": "U'Ghamaro Roundsman",
        "num": "3",
        "x_loc": "23",
        "y_loc": "9",
        "icon": "Kobold_Icon.png"
    },
    {
        "class": "Order of the Twin Adder",
        "set": "21",
        "rank": "3",
        "region": "North Shroud",
        "area": "Proud Creek",
        "enemy": "Ixali Windtalon",
        "num": "3",
        "x_loc": "20",
        "y_loc": "20",
        "icon": "Ixal_Icon.png"
    },
    {
        "class": "Order of the Twin Adder",
        "set": "22",
        "rank": "3",
        "region": "East Shroud",
        "area": "Sylphlands",
        "enemy": "Sylpheed Snarl",
        "num": "3",
        "x_loc": "27",
        "y_loc": "18",
        "icon": "Sylph_Icon.png"
    },
    {
        "class": "Order of the Twin Adder",
        "set": "23",
        "rank": "3",
        "region": "Outer La Noscea",
        "area": "U'Ghamaro Mines",
        "enemy": "U'Ghamaro Quarryman",
        "num": "3",
        "x_loc": "23",
        "y_loc": "8",
        "icon": "Kobold_Icon.png"
    },
    {
        "class": "Order of the Twin Adder",
        "set": "24",
        "rank": "3",
        "region": "Western La Noscea",
        "area": "Sapsa Spawning Grounds",
        "enemy": "Sapsa Shelftooth",
        "num": "3",
        "x_loc": "17",
        "y_loc": "15",
        "icon": "Sahagin_Icon.png"
    },
    {
        "class": "Order of the Twin Adder",
        "set": "25",
        "rank": "3",
        "region": "Southern Thanalan",
        "area": "Zahar'ak",
        "enemy": "Zahar'ak Pugilist",
        "num": "3",
        "x_loc": "28",
        "y_loc": "20",
        "icon": "Amalj%27aa_Icon.png"
    },
    {
        "class": "Order of the Twin Adder",
        "set": "26",
        "rank": "3",
        "region": "Coerthas Central Highlands",
        "area": "Natalan",
        "enemy": "Natalan Swiftbeak",
        "num": "4",
        "x_loc": "31",
        "y_loc": "17",
        "icon": "Ixal_Icon.png"
    },
    {
        "class": "Order of the Twin Adder",
        "set": "27",
        "rank": "3",
        "region": "Coerthas Central Highlands",
        "area": "Natalan",
        "enemy": "Natalan Boldwing",
        "num": "5",
        "x_loc": "31",
        "y_loc": "17",
        "icon": "Ixal_Icon.png"
    },
    {
        "class": "Order of the Twin Adder",
        "set": "28",
        "rank": "3",
        "region": "Upper La Noscea",
        "area": "The Wanderer's Palace (Dungeon)",
        "enemy": "Tonberry",
        "num": "7",
        "x_loc": "26",
        "y_loc": "22",
        "icon": "Tonberry_Icon.png"
    },
    {
        "class": "Order of the Twin Adder",
        "set": "29",
        "rank": "3",
        "region": "Upper La Noscea",
        "area": "The Wanderer's Palace (Dungeon)",
        "enemy": "Bronze Beetle",
        "num": "6",
        "x_loc": "26",
        "y_loc": "22",
        "icon": "Beetle_Icon.png"
    },
    {
        "class": "Order of the Twin Adder",
        "set": "30",
        "rank": "3",
        "region": "Upper La Noscea",
        "area": "The Wanderer's Palace (Dungeon)",
        "enemy": "Keeper of Halidom",
        "num": "1",
        "x_loc": "26",
        "y_loc": "22",
        "icon": "Goobbue_Icon.png"
    }
]